"ABI92313","566","Human","HA","H1N1","USA","N","1995/05/02","Influenza A virus (A/New York/694/1995(H1N1))","16y","F","","c"
"ABI20870","566","Human","HA","H1N1","USA","N","1995/07/31","Influenza A virus (A/New York/656/1995(H1N1))","8m","","","c"
"ABE11867","566","Human","HA","H1N1","USA","N","1995/11/15","Influenza A virus (A/New York/604/1995(H1N1))","","F","","c"
"ABE12032","566","Human","HA","H1N1","USA","N","1995/11/16","Influenza A virus (A/New York/627/1995(H1N1))","","F","","c"
"ABE26991","566","Human","HA","H1N1","USA","N","1995/11/28","Influenza A virus (A/New York/644/1995(H1N1))","23y","M","","c"
"ABE11900","566","Human","HA","H1N1","USA","N","1995/11/30","Influenza A virus (A/New York/615/1995(H1N1))","","M","","c"
"ABF47638","566","Human","HA","H1N1","USA","N","1995/12/02","Influenza A virus (A/New York/651/1995(H1N1))","8y","M","","c"
"ABG47840","566","Human","HA","H1N1","USA","N","1995/12/04","Influenza A virus (A/New York/629/1995(H1N1))","20y","F","","c"
"ABF47627","566","Human","HA","H1N1","USA","N","1995/12/06","Influenza A virus (A/New York/638/1995(H1N1))","","M","","c"
"ABE11889","566","Human","HA","H1N1","USA","N","1995/12/08","Influenza A virus (A/New York/607/1995(H1N1))","18y","F","","c"
"ABG26791","566","Human","HA","H1N1","USA","N","1995/12/11","Influenza A virus (A/New York/649/1995(H1N1))","26y","F","","c"
"ABI20837","566","Human","HA","H1N1","USA","N","1995/12/11","Influenza A virus (A/New York/643/1995(H1N1))","","M","","c"
"ABG26780","566","Human","HA","H1N1","USA","N","1995/12/12","Influenza A virus (A/New York/645/1995(H1N1))","20y","M","","c"
"ABF47605","566","Human","HA","H1N1","USA","N","1995/12/13","Influenza A virus (A/New York/614/1995(H1N1))","","F","","c"
"ABE11878","566","Human","HA","H1N1","USA","N","1995/12/14","Influenza A virus (A/New York/605/1995(H1N1))","6y","M","","c"
"ABG88322","566","Human","HA","H1N1","USA","N","1995/12/15","Influenza A virus (A/New York/650/1995(H1N1))","59y","M","","c"
"ABJ53438","566","Human","HA","H1N1","USA","N","1995/12/15","Influenza A virus (A/New York/633/1995(H1N1))","6y","M","","c"
"ABI30367","566","Human","HA","H1N1","USA","N","1995/12/18","Influenza A virus (A/New York/616/1995(H1N1))","7y","M","","c"
"ABE11922","566","Human","HA","H1N1","USA","N","1995/12/23","Influenza A virus (A/New York/620/1995(H1N1))","10y","M","","c"
"ABE11942","566","Human","HA","H1N1","USA","N","1995/12/27","Influenza A virus (A/New York/621/1995(H1N1))","5y","F","","c"
"ABG88311","566","Human","HA","H1N1","USA","N","1995/12/27","Influenza A virus (A/New York/642/1995(H1N1))","75y","F","","c"
"ABG88300","566","Human","HA","H1N1","USA","N","1995/12/28","Influenza A virus (A/New York/630/1995(H1N1))","48y","M","","c"
"ABF47649","566","Human","HA","H1N1","USA","N","1996/01/02","Influenza A virus (A/New York/653/1996(H1N1))","34y","F","","c"
"ABF47660","566","Human","HA","H1N1","USA","N","1996/01/02","Influenza A virus (A/New York/640/1996(H1N1))","8y","M","","c"
"ABI20848","566","Human","HA","H1N1","USA","N","1996/01/08","Influenza A virus (A/New York/646/1996(H1N1))","7m","M","","c"
"ABG47829","566","Human","HA","H1N1","USA","N","1996/02/08","Influenza A virus (A/New York/626/1996(H1N1))","19y","M","","c"
"AAX56530","566","Human","HA","H1N1","USA","N","2000/04/12","Influenza A virus (A/New York/146/2000(H1N1))","6y","F","","c"
"ABA08486","565","Human","HA","H1N1","USA","N","2000/12/19","Influenza A virus (A/New York/233/2000(H1N1))","28y","M","","c"
"AAZ38627","565","Human","HA","H1N1","USA","N","2001/01/08","Influenza A virus (A/New York/205/2001(H1N1))","26y","F","","c"
"ABA08519","565","Human","HA","H1N1","USA","N","2001/01/08","Influenza A virus (A/New York/310/2001(H1N1))","3m","","","c"
"ABD60911","565","Human","HA","H1N1","USA","N","2001/01/08","Influenza A virus (A/New York/441/2001(H1N1))","3m","M","","c"
"AAZ79604","565","Human","HA","H1N1","USA","N","2001/01/10","Influenza A virus (A/New York/343/2001(H1N1))","1m","","","c"
"ABB02913","565","Human","HA","H1N1","USA","N","2001/01/10","Influenza A virus (A/New York/442/2001(H1N1))","1m","M","","c"
"ABA12715","565","Human","HA","H1N1","USA","N","2001/01/12","Influenza A virus (A/New York/312/2001(H1N1))","16m","M","","c"
"ABB79990","565","Human","HA","H1N1","USA","N","2001/01/15","Influenza A virus (A/New York/303/2001(H1N1))","44y","F","","c"
"ABA43189","565","Human","HA","H1N1","USA","N","2001/01/19","Influenza A virus (A/New York/246/2001(H1N1))","8y","M","","c"
"ABA42258","565","Human","HA","H1N1","USA","N","2001/01/22","Influenza A virus (A/New York/341/2001(H1N1))","10y","","","c"
"ABB02924","565","Human","HA","H1N1","USA","N","2001/01/22","Influenza A virus (A/New York/443/2001(H1N1))","4m","M","","c"
"ABC40533","565","Human","HA","H1N1","USA","N","2001/01/22","Influenza A virus (A/New York/309/2001(H1N1))","5m","M","","c"
"ABA42236","565","Human","HA","H1N1","USA","N","2001/01/23","Influenza A virus (A/New York/241/2001(H1N1))","19y","M","","c"
"ABA42575","565","Human","HA","H1N1","USA","N","2001/01/23","Influenza A virus (A/New York/444/2001(H1N1))","1m","M","","c"
"ABF47671","565","Human","HA","H1N1","USA","N","2001/01/23","Influenza A virus (A/New York/235/2001(H1N1))","19y","F","","c"
"ABB79979","565","Human","HA","H1N1","USA","N","2001/01/24","Influenza A virus (A/New York/242/2001(H1N1))","","F","","c"
"ABB80045","565","Human","HA","H1N1","USA","N","2001/01/24","Influenza A virus (A/New York/212/2001(H1N1))","6y","F","","c"
"ABA87091","565","Human","HA","H1N1","USA","N","2001/01/25","Influenza A virus (A/New York/342/2001(H1N1))","5m","M","","c"
"ABB82194","565","Human","HA","H1N1","USA","N","2001/01/26","Influenza A virus (A/New York/445/2001(H1N1))","1y","F","","c"
"ABA87231","565","Human","HA","H1N1","USA","N","2001/01/28","Influenza A virus (A/New York/346/2001(H1N1))","21y","F","","c"
"ABA87045","565","Human","HA","H1N1","USA","N","2001/01/29","Influenza A virus (A/New York/302/2001(H1N1))","40y","F","","c"
"ABB02825","565","Human","HA","H1N1","USA","N","2001/02/03","Influenza A virus (A/New York/306/2001(H1N1))","N/A","N/A","","c"
"ABB02814","565","Human","HA","H1N1","USA","N","2001/02/07","Influenza A virus (A/New York/305/2001(H1N1))","18y","M","","c"
"ABA18037","565","Human","HA","H1N1","USA","N","2001/02/12","Influenza A virus (A/New York/308/2001(H1N1))","5m","M","","c"
"AAZ83299","565","Human","HA","H1N1","USA","N","2001/02/21","Influenza A virus (A/New York/281/2001(H1N1))","18y","M","","c"
"ABB02936","565","Human","HA","H1N1","USA","N","2001/02/21","Influenza A virus (A/New York/446/2001(H1N1))","9m","M","","c"
"ABA08464","565","Human","HA","H1N1","USA","N","2001/02/27","Influenza A virus (A/New York/208/2001(H1N1))","24y","F","","c"
"ABB53707","565","Human","HA","H1N1","USA","N","2001/02/28","Influenza A virus (A/New York/447/2001(H1N1))","2m","F","","c"
"ABB82216","565","Human","HA","H1N1","USA","N","2002/12/05","Influenza A virus (A/New York/494/2002(H1N1))","3y","M","","c"
"ABA87080","565","Human","HA","H1N1","USA","N","2002/12/21","Influenza A virus (A/New York/291/2002(H1N1))","1m","M","","c"
"AAZ83253","565","Human","HA","H1N1","USA","N","2002/12/26","Influenza A virus (A/New York/220/2002(H1N1))","33y","F","","c"
"ABA12696","565","Human","HA","H1N1","USA","N","2003/01/12","Influenza A virus (A/New York/222/2003(H1N1))","3y","M","","c"
"ABA12707","565","Human","HA","H1N1","USA","N","2003/01/15","Influenza A virus (A/New York/223/2003(H1N1))","5y","M","","c"
"ABD60779","565","Human","HA","H1N1","USA","N","2003/01/20","Influenza A virus (A/New York/484/2003(H1N1))","8y","M","","c"
"ABB03123","565","Human","HA","H1N1","USA","N","2003/01/21","Influenza A virus (A/New York/486/2003(H1N1))","50y","M","","c"
"ABA18145","565","Human","HA","H1N1","USA","N","2003/01/22","Influenza A virus (A/New York/399/2003(H1N1))","49y","M","","c"
"ABI96103","565","Human","HA","H1N1","USA","N","2003/01/23","Influenza A virus (A/Michigan/1/2003(H1N1))","","","","c"
"ABC41714","565","Human","HA","H1N1","USA","N","2003/01/23","Influenza A virus (A/New York/488/2003(H1N1))","1y","M","","c"
"ABA08475","565","Human","HA","H1N1","USA","N","2003/01/27","Influenza A virus (A/New York/230/2003(H1N1))","20y","M","","c"
"ABB02803","565","Human","HA","H1N1","USA","N","2003/01/28","Influenza A virus (A/New York/293/2003(H1N1))","6y","M","","c"
"ABI96108","565","Human","HA","H1N1","USA","N","2003/01/31","Influenza A virus (A/Michigan/5/2003(H1N1))","","","","c"
"ABI96107","565","Human","HA","H1N1","USA","N","2003/02/01","Influenza A virus (A/Michigan/4/2003(H1N1))","","","","c"
"ABI96109","565","Human","HA","H1N1","USA","N","2003/02/02","Influenza A virus (A/Michigan/6/2003(H1N1))","","","","c"
"ABB82205","565","Human","HA","H1N1","USA","N","2003/02/12","Influenza A virus (A/New York/493/2003(H1N1))","43y","F","","c"
"ABB03145","565","Human","HA","H1N1","USA","N","2003/02/25","Influenza A virus (A/New York/496/2003(H1N1))","2y","F","","c"
"ABB53740","565","Human","HA","H1N1","USA","N","2003/02/26","Influenza A virus (A/New York/497/2003(H1N1))","1y","F","","c"
"ABA12729","565","Human","HA","H1N1","USA","N","2003/02/28","Influenza A virus (A/New York/348/2003(H1N1))","4m","F","","c"
"ABB02792","565","Human","HA","H1N1","USA","N","2003/03/05","Influenza A virus (A/New York/292/2003(H1N1))","1m","F","","c"
"ABA42247","565","Human","HA","H1N1","USA","N","2003/03/21","Influenza A virus (A/New York/221/2003(H1N1))","1m","F","","c"
"ACA33678","565","Human","HA","H1N1","USA","N","2006/03/21","Influenza A virus (A/Ohio/04/2006(H1N1))","","","","c"
"ABK79959","565","Human","HA","H1N1","USA","N","2006/04/10","Influenza A virus (A/New York/8/2006(H1N1))","62y","F","","c"
"ACA33801","565","Human","HA","H1N1","USA","N","2006/10/31","Influenza A virus (A/Florida/3/2006(H1N1))","","","","c"
"ABW23290","565","Human","HA","H1N1","USA","N","2006/11/20","Influenza A virus (A/Pennsylvania/08/2006(H1N1))","","","","c"
"ACD47245","565","Human","HA","H1N1","USA","N","2006/12/06","Influenza A virus (A/California/10/2006(H1N1))","","","","c"
"ABX58679","565","Human","HA","H1N1","USA","N","2006/12/06","Influenza A virus (A/Kentucky/UR06-0007/2006(H1N1))","3Y","M","","c"
"ABU50573","565","Human","HA","H1N1","USA","N","2006/12/09","Influenza A virus (A/Wisconsin/24/2006(H1N1))","","","","c"
"ABW23295","565","Human","HA","H1N1","USA","N","2006/12/11","Influenza A virus (A/Illinois/01/2006(H1N1))","","","","c"
"ABW23320","565","Human","HA","H1N1","USA","N","2006/12/13","Influenza A virus (A/New York/26/2006(H1N1))","","","","c"
"ABW23335","565","Human","HA","H1N1","USA","N","2006/12/14","Influenza A virus (A/California/09/2006(H1N1))","","","","c"
"ABU50566","565","Human","HA","H1N1","USA","N","2006/12/14","Influenza A virus (A/Florida/09/2006(H1N1))","","","","c"
"ABW23328","565","Human","HA","H1N1","USA","N","2006/12/18","Influenza A virus (A/Mississippi/02/2006(H1N1))","","","","c"
"ABV29557","565","Human","HA","H1N1","USA","N","2006/12/18","Influenza A virus (A/Kentucky/UR06-0010/2006(H1N1))","8 Y","M","","c"
"ABW71294","565","Human","HA","H1N1","USA","N","2006/12/18","Influenza A virus (A/North Carolina/UR06-0011/2006(H1N1))","4 Y","F","","c"
"ABU50574","565","Human","HA","H1N1","USA","N","2006/12/19","Influenza A virus (A/Wisconsin/37/2006(H1N1))","","","","c"
"ABU50565","565","Human","HA","H1N1","USA","N","2006/12/19","Influenza A virus (A/Florida/08/2006(H1N1))","","","","c"
"ABV29535","565","Human","HA","H1N1","USA","N","2006/12/20","Influenza A virus (A/Texas/UR06-0012/2006(H1N1))","3.5 Y","M","","c"
"ABU50571","565","Human","HA","H1N1","USA","N","2006/12/28","Influenza A virus (A/North Carolina/10/2006(H1N1))","","","","c"
"ACA33676","565","Human","HA","H1N1","USA","N","2006/12/28","Influenza A virus (A/Ohio/05/2006(H1N1))","","","","c"
"ABV29546","565","Human","HA","H1N1","USA","N","2006/12/28","Influenza A virus (A/Michigan/UR06-0015/2006(H1N1))","10 Y","M","","c"
"ABX58239","565","Human","HA","H1N1","USA","N","2006/12/28","Influenza A virus (A/Mississippi/UR06-0014/2006(H1N1))","27 Y","M","","c"
"ABU50568","565","Human","HA","H1N1","USA","N","2006/12/29","Influenza A virus (A/Iowa/02/2006(H1N1))","","","","c"
"ABU50569","565","Human","HA","H1N1","USA","N","2006/12/29","Influenza A virus (A/Minnesota/17/2006(H1N1))","","","","c"
"ABW23296","565","Human","HA","H1N1","USA","N","2006/12/29","Influenza A virus (A/Wisconsin/49/2006(H1N1))","","","","c"
"ABU50570","565","Human","HA","H1N1","USA","N","2006/12/31","Influenza A virus (A/New Mexico/02/2006(H1N1))","","","","c"
"ABV29579","565","Human","HA","H1N1","USA","N","2007/01/04","Influenza A virus (A/Illinois/UR006-018/2007(H1N1))","8 Y","F","","c"
"ABV29568","565","Human","HA","H1N1","USA","N","2007/01/05","Influenza A virus (A/Illinois/UR06-0019/2007(H1N1))","4 Y","M","","c"
"ABW40059","565","Human","HA","H1N1","USA","N","2007/01/06","Influenza A virus (A/Illinois/UR06-0224/2007(H1N1))","37 Y","M","","c"
"ABV29744","565","Human","HA","H1N1","USA","N","2007/01/11","Influenza A virus (A/Texas/UR06-0025/2007(H1N1))","7 Y","F","","c"
"ABY51061","565","Human","HA","H1N1","USA","N","2007/01/11","Influenza A virus (A/Texas/UR06-0026/2007(H1N1))","1 Y","F","","c"
"ABV45937","565","Human","HA","H1N1","USA","N","2007/01/12","Influenza A virus (A/Kentucky/UR06-0028/2007(H1N1))","8 Y","M","","c"
"ABW71382","565","Human","HA","H1N1","USA","N","2007/01/12","Influenza A virus (A/Kentucky/UR06-0029/2007(H1N1))","10 Y","M","","c"
"ABW40004","565","Human","HA","H1N1","USA","N","2007/01/12","Influenza A virus (A/Kentucky/UR06-0027/2007(H1N1))","4 Y","M","","c"
"ACD47248","565","Human","HA","H1N1","USA","N","2007/01/13","Influenza A virus (A/California/26/2007(H1N1))","","","","c"
"ABV30316","565","Human","HA","H1N1","USA","N","2007/01/15","Influenza A virus (A/Kentucky/UR06-0033/2007(H1N1))","2 Y","M","","c"
"ABV30503","565","Human","HA","H1N1","USA","N","2007/01/16","Influenza A virus (A/Kentucky/UR06-0034/2007(H1N1))","8 Y","F","","c"
"ABY51017","565","Human","HA","H1N1","USA","N","2007/01/16","Influenza A virus (A/Texas/UR06-0038/2007(H1N1))","1 Y","M","","c"
"ABW40048","565","Human","HA","H1N1","USA","N","2007/01/16","Influenza A virus (A/Vermont/UR06-0035/2007(H1N1))","2 Y","M","","c"
"ABW91570","565","Human","HA","H1N1","USA","N","2007/01/16","Influenza A virus (A/Texas/UR06-0039/2007(H1N1))","9Y","M","","c"
"ABW91559","565","Human","HA","H1N1","USA","N","2007/01/16","Influenza A virus (A/Illinois/UR06-0032/2007(H1N1))","32Y","M","","c"
"ABV29920","565","Human","HA","H1N1","USA","N","2007/01/18","Influenza A virus (A/Kentucky/UR06-0042/2007(H1N1))","11 Y","F","","c"
"ABV30195","565","Human","HA","H1N1","USA","N","2007/01/18","Influenza A virus (A/Kentucky/UR06-0043/2007(H1N1))","3 Y","F","","c"
"ABW40070","565","Human","HA","H1N1","USA","N","2007/01/18","Influenza A virus (A/Tennessee/UR06-0045/2007(H1N1))","2 Y","F","","c"
"ABX58459","565","Human","HA","H1N1","USA","N","2007/01/19","Influenza A virus (A/Kentucky/UR06-0046/2007(H1N1))","6 Y","M","","c"
"ABV30338","565","Human","HA","H1N1","USA","N","2007/01/22","Influenza A virus (A/Mississippi/UR06-0048/2007(H1N1))","48 Y","F","","c"
"ABV30349","565","Human","HA","H1N1","USA","N","2007/01/22","Influenza A virus (A/Vermont/UR06-0051/2007(H1N1))","3 Y","M","","c"
"ABW40620","565","Human","HA","H1N1","USA","N","2007/01/22","Influenza A virus (A/Florida/UR06-0049/2007(H1N1))","12 Y","M","","c"
"ABW91515","565","Human","HA","H1N1","USA","N","2007/01/22","Influenza A virus (A/Oklahoma/UR06-0063/2007(H1N1))","5 Y","M","","c"
"ABW71360","565","Human","HA","H1N1","USA","N","2007/01/22","Influenza A virus (A/Mississippi/UR06-0047/2007(H1N1))","8 Y","M","","c"
"ABW40125","565","Human","HA","H1N1","USA","N","2007/01/22","Influenza A virus (A/Kentucky/UR06-0061/2007(H1N1))","6 Y","M","","c"
"ABV29656","565","Human","HA","H1N1","USA","N","2007/01/22","Influenza A virus (A/Vermont/UR06-0050/2007(H1N1))","6 Y","M","","c"
"ABW39828","565","Human","HA","H1N1","USA","N","2007/01/22","Influenza A virus (A/Colorado/UR06-0053/2007(H1N1))","10 Y","M","","c"
"ABX58690","565","Human","HA","H1N1","USA","N","2007/01/22","Influenza A virus (A/Tennessee/UR06-0055/2007(H1N1))","3Y","M","","c"
"ACA33751","565","Human","HA","H1N1","USA","N","2007/01/23","Influenza A virus (A/New Jersey/09/2007(H1N1))","","","","c"
"ABW23336","565","Human","HA","H1N1","USA","N","2007/01/23","Influenza A virus (A/California/03/2007(H1N1))","","","","c"
"ABV29601","565","Human","HA","H1N1","USA","N","2007/01/23","Influenza A virus (A/Kentucky/UR06-0059/2007(H1N1))","14 Y","F","","c"
"ABV29865","565","Human","HA","H1N1","USA","N","2007/01/23","Influenza A virus (A/Kentucky/UR06-0062/2007(H1N1))","8 Y","F","","c"
"ABW36267","565","Human","HA","H1N1","USA","N","2007/01/23","Influenza A virus (A/New York/UR06-0056/2007(H1N1))","5 Y","F","","c"
"ABW40213","565","Human","HA","H1N1","USA","N","2007/01/23","Influenza A virus (A/Kentucky/UR06-0058/2007(H1N1))","10 Y","F","","c"
"ABW39817","565","Human","HA","H1N1","USA","N","2007/01/23","Influenza A virus (A/Kentucky/UR06-0057/2007(H1N1))","13 Y","M","","c"
"ACA96519","565","Human","HA","H1N1","USA","N","2007/01/24","Influenza A virus (A/Kentucky/UR06-0070/2007(H1N1))","8 Y","M","","c"
"ABV30492","565","Human","HA","H1N1","USA","N","2007/01/24","Influenza A virus (A/Kentucky/UR06-0069/2007(H1N1))","9 Y","F","","c"
"ABW40224","565","Human","HA","H1N1","USA","N","2007/01/24","Influenza A virus (A/Kentucky/UR06-0071/2007(H1N1))","6 Y","F","","c"
"ABV29832","565","Human","HA","H1N1","USA","N","2007/01/24","Influenza A virus (A/Kentucky/UR06-0072/2007(H1N1))","12 Y","F","","c"
"ABW91471","565","Human","HA","H1N1","USA","N","2007/01/24","Influenza A virus (A/Kansas/UR06-0068/2007(H1N1))","4 Y","F","","c"
"ABW23281","565","Human","HA","H1N1","USA","N","2007/01/25","Influenza A virus (A/Nebraska/01/2007(H1N1))","","","","c"
"ABW23319","565","Human","HA","H1N1","USA","N","2007/01/25","Influenza A virus (A/Minnesota/02/2007(H1N1))","","","","c"
"ABW23339","565","Human","HA","H1N1","USA","N","2007/01/25","Influenza A virus (A/California/04/2007(H1N1))","","","","c"
"ABW71316","565","Human","HA","H1N1","USA","N","2007/01/25","Influenza A virus (A/Kentucky/UR06-0081/2007(H1N1))","6 Y","F","","c"
"ABX58558","565","Human","HA","H1N1","USA","N","2007/01/25","Influenza A virus (A/Tennessee/UR06-0076/2007(H1N1))","3 Y","M","","c"
"ABW91581","565","Human","HA","H1N1","USA","N","2007/01/25","Influenza A virus (A/Illinois/UR06-0074/2007(H1N1))","9Y","M","","c"
"ABW91592","565","Human","HA","H1N1","USA","N","2007/01/25","Influenza A virus (A/Virginia/UR06-0075/2007(H1N1))","5Y","M","","c"
"ABY51237","565","Human","HA","H1N1","USA","N","2007/01/25","Influenza A virus (A/Tennessee/UR06-0073/2007(H1N1))","5Y","F","","c"
"ABV30129","565","Human","HA","H1N1","USA","N","2007/01/26","Influenza A virus (A/Vermont/UR06-0090/2007(H1N1))","7 Y","F","","c"
"ABX58426","565","Human","HA","H1N1","USA","N","2007/01/26","Influenza A virus (A/Kansas/UR06-0084/2007(H1N1))","8 Y","F","","c"
"ABV30096","565","Human","HA","H1N1","USA","N","2007/01/26","Influenza A virus (A/Mississippi/UR06-0086/2007(H1N1))","9 Y","M","","c"
"ABV30327","565","Human","HA","H1N1","USA","N","2007/01/26","Influenza A virus (A/Vermont/UR06-0089/2007(H1N1))","6 Y","F","","c"
"ABW91372","565","Human","HA","H1N1","USA","N","2007/01/26","Influenza A virus (A/Illinois/UR06-0088/2007(H1N1))","7 Y","M","","c"
"ABW39806","565","Human","HA","H1N1","USA","N","2007/01/26","Influenza A virus (A/Tennessee/UR06-0087/2007(H1N1))","6 Y","M","","c"
"ABW40334","565","Human","HA","H1N1","USA","N","2007/01/26","Influenza A virus (A/Tennessee/UR06-0078/2007(H1N1))","6 Y","F","","c"
"ABV29667","565","Human","HA","H1N1","USA","N","2007/01/26","Influenza A virus (A/Kentucky/UR06-0082/2007(H1N1))","8 Y","M","","c"
"ABW91603","565","Human","HA","H1N1","USA","N","2007/01/26","Influenza A virus (A/Kansas/UR06-0085/2007(H1N1))","7Y","F","","c"
"ABX58514","565","Human","HA","H1N1","USA","N","2007/01/26","Influenza A virus (A/Tennessee/UR06-0080/2007(H1N1))","2 Y","M","","c"
"ABW23340","565","Human","HA","H1N1","USA","N","2007/01/27","Influenza A virus (A/South Dakota/03/2007(H1N1))","","","","c"
"ABW23341","565","Human","HA","H1N1","USA","N","2007/01/29","Influenza A virus (A/California/05/2007(H1N1))","","","","c"
"ACA33800","565","Human","HA","H1N1","USA","N","2007/01/29","Influenza A virus (A/California/02/2007(H1N1))","","","","c"
"ABV29942","565","Human","HA","H1N1","USA","N","2007/01/29","Influenza A virus (A/Kentucky/UR06-0097/2007(H1N1))","6 Y","M","","c"
"ACN42992","565","Human","HA","H1N1","USA","N","2007/01/29","Influenza A virus (A/Tennessee/UR06-0106/2007(H1N1))","6 Y","","","c"
"ABY51094","565","Human","HA","H1N1","USA","N","2007/01/29","Influenza A virus (A/Illinois/UR06-0096/2007(H1N1))","5 Y","F","","c"
"ABW91449","565","Human","HA","H1N1","USA","N","2007/01/29","Influenza A virus (A/Tennessee/UR06-0113/2007(H1N1))","5 Y","F","","c"
"ABV30602","565","Human","HA","H1N1","USA","N","2007/01/29","Influenza A virus (A/Virginia/UR06-0109/2007(H1N1))","4 Y","F","","c"
"ABW40422","565","Human","HA","H1N1","USA","N","2007/01/29","Influenza A virus (A/Ohio/UR06-0091/2007(H1N1))","9 Y","M","","c"
"ABW40290","565","Human","HA","H1N1","USA","N","2007/01/29","Influenza A virus (A/North Carolina/UR06-0099/2007(H1N1))","59 Y","M","","c"
"ABW71415","565","Human","HA","H1N1","USA","N","2007/01/29","Influenza A virus (A/Tennessee/UR06-0124/2007(H1N1))","9 Y","F","","c"
"ABV30613","565","Human","HA","H1N1","USA","N","2007/01/29","Influenza A virus (A/Ohio/UR06-0100/2007(H1N1))","8 Y","M","","c"
"ACD56113","565","Human","HA","H1N1","USA","N","2007/01/29","Influenza A virus (A/Virginia/UR06-0107/2007(H1N1))","16 Y","F","","c"
"ABW86398","565","Human","HA","H1N1","USA","N","2007/01/29","Influenza A virus (A/Tennessee/UR06-0119/2007(H1N1))","8 Y","F","","c"
"ABX58404","565","Human","HA","H1N1","USA","N","2007/01/29","Influenza A virus (A/Virginia/UR06-0092/2007(H1N1))","3 Y","M","","c"
"ABW86387","565","Human","HA","H1N1","USA","N","2007/01/29","Influenza A virus (A/Illinois/UR06-0098/2007(H1N1))","7 Y","F","","c"
"ABW40444","565","Human","HA","H1N1","USA","N","2007/01/29","Influenza A virus (A/Illinois/UR06-0095/2007(H1N1))","8 Y","M","","c"
"ABW86475","565","Human","HA","H1N1","USA","N","2007/01/29","Influenza A virus (A/Illinois/UR06-0094/2007(H1N1))","7 Y","F","","c"
"ABX58503","565","Human","HA","H1N1","USA","N","2007/01/29","Influenza A virus (A/Illinois/UR06-0093/2007(H1N1))","11 Y","F","","c"
"ABW40664","565","Human","HA","H1N1","USA","N","2007/01/29","Influenza A virus (A/Tennessee/UR06-0120/2007(H1N1))","14 Y","F","","c"
"ABW23312","565","Human","HA","H1N1","USA","N","2007/01/30","Influenza A virus (A/Maryland/01/2007(H1N1))","","","","c"
"ACA33747","565","Human","HA","H1N1","USA","N","2007/01/30","Influenza A virus (A/Georgia/03/2007(H1N1))","","","","c"
"ABW40312","565","Human","HA","H1N1","USA","N","2007/01/30","Influenza A virus (A/Kentucky/UR06-0123/2007(H1N1))","12 Y","M","","c"
"ABW86486","565","Human","HA","H1N1","USA","N","2007/01/30","Influenza A virus (A/Ohio/UR06-0121/2007(H1N1))","11 Y","M","","c"
"ACD56124","565","Human","HA","H1N1","USA","N","2007/01/30","Influenza A virus (A/Kansas/UR06-0102/2007(H1N1))","4 Y","M","","c"
"ABV29876","565","Human","HA","H1N1","USA","N","2007/01/30","Influenza A virus (A/Kentucky/UR06-0129/2007(H1N1))","6 Y","M","","c"
"ABW39905","565","Human","HA","H1N1","USA","N","2007/01/30","Influenza A virus (A/Colorado/UR06-0110/2007(H1N1))","9 Y","M","","c"
"ABW71404","565","Human","HA","H1N1","USA","N","2007/01/30","Influenza A virus (A/Virginia/UR06-0117/2007(H1N1))","8 Y","F","","c"
"ABV30624","565","Human","HA","H1N1","USA","N","2007/01/30","Influenza A virus (A/Ohio/UR06-0122/2007(H1N1))","1 Y","F","","c"
"ABW71459","565","Human","HA","H1N1","USA","N","2007/01/30","Influenza A virus (A/Illinois/UR06-0116/2007(H1N1))","7 Y","M","","c"
"ABW91493","565","Human","HA","H1N1","USA","N","2007/01/30","Influenza A virus (A/Virginia/UR06-0114/2007(H1N1))","5 Y","F","","c"
"ABW86541","565","Human","HA","H1N1","USA","N","2007/01/30","Influenza A virus (A/Illinois/UR06-0115/2007(H1N1))","6 Y","M","","c"
"ABW91504","565","Human","HA","H1N1","USA","N","2007/01/30","Influenza A virus (A/Ohio/UR06-0112/2007(H1N1))","16 Y","M","","c"
"ABW91625","565","Human","HA","H1N1","USA","N","2007/01/30","Influenza A virus (A/Kansas/UR06-0143/2007(H1N1))","12Y","F","","c"
"ABV30371","565","Human","HA","H1N1","USA","N","2007/01/30","Influenza A virus (A/Colorado/UR06-0111/2007(H1N1))","3 Y","F","","c"
"ABW40532","565","Human","HA","H1N1","USA","N","2007/01/30","Influenza A virus (A/Kansas/UR06-0104/2007(H1N1))","8 Y","M","","c"
"ACA24524","565","Human","HA","H1N1","USA","N","2007/01/30","Influenza A virus (A/Kansas/UR06-0103/2007(H1N1))","5 Y","F","","c"
"ABW91614","565","Human","HA","H1N1","USA","N","2007/01/30","Influenza A virus (A/California/UR06-0125/2007(H1N1))","5Y","M","","c"
"ABW23315","565","Human","HA","H1N1","USA","N","2007/01/31","Influenza A virus (A/Texas/05/2007(H1N1))","","","","c"
"ABW40301","565","Human","HA","H1N1","USA","N","2007/01/31","Influenza A virus (A/Kentucky/UR06-0127/2007(H1N1))","3 Y","F","","c"
"ABW91361","565","Human","HA","H1N1","USA","N","2007/01/31","Influenza A virus (A/Texas/UR06-0133/2007(H1N1))","9 Y","M","","c"
"ABV29997","565","Human","HA","H1N1","USA","N","2007/01/31","Influenza A virus (A/Mississippi/UR06-0130/2007(H1N1))","67 Y","F","","c"
"ABW40114","565","Human","HA","H1N1","USA","N","2007/01/31","Influenza A virus (A/New York/UR06-0134/2007(H1N1))","7 Y","F","","c"
"ABV30580","565","Human","HA","H1N1","USA","N","2007/01/31","Influenza A virus (A/Kentucky/UR06-0128/2007(H1N1))","1 Y","M","","c"
"ABW91416","565","Human","HA","H1N1","USA","N","2007/01/31","Influenza A virus (A/Illinois/UR06-0131/2007(H1N1))","9 Y","M","","c"
"ACA33752","565","Human","HA","H1N1","USA","N","2007/02/01","Influenza A virus (A/Minnesota/23/2007(H1N1))","","","","c"
"ABU50572","565","Human","HA","H1N1","USA","N","2007/02/01","Influenza A virus (A/Wisconsin/01/2007(H1N1))","","","","c"
"ABW86420","565","Human","HA","H1N1","USA","N","2007/02/01","Influenza A virus (A/Illinois/UR06-0136/2007(H1N1))","12 Y","M","","c"
"ABV30558","565","Human","HA","H1N1","USA","N","2007/02/01","Influenza A virus (A/Kansas/UR06-0140/2007(H1N1))","3 Y","M","","c"
"ABV30085","565","Human","HA","H1N1","USA","N","2007/02/01","Influenza A virus (A/Mississippi/UR06-0142/2007(H1N1))","6 Y","M","","c"
"ABW40543","565","Human","HA","H1N1","USA","N","2007/02/01","Influenza A virus (A/Illinois/UR06-0146/2007(H1N1))","12 Y","M","","c"
"ABW40257","565","Human","HA","H1N1","USA","N","2007/02/01","Influenza A virus (A/Virginia/UR06-0139/2007(H1N1))","1 Y","F","","c"
"ABW40609","565","Human","HA","H1N1","USA","N","2007/02/01","Influenza A virus (A/Illinois/UR06-0137/2007(H1N1))","12 Y","M","","c"
"ABW40554","565","Human","HA","H1N1","USA","N","2007/02/02","Influenza A virus (A/Kentucky/UR06-0154/2007(H1N1))","3 Y","M","","c"
"ABV30030","565","Human","HA","H1N1","USA","N","2007/02/02","Influenza A virus (A/Mississippi/UR06-0145/2007(H1N1))","26 Y","M","","c"
"ABW40642","565","Human","HA","H1N1","USA","N","2007/02/02","Influenza A virus (A/Tennessee/UR06-0152/2007(H1N1))","8 Y","F","","c"
"ABW40565","565","Human","HA","H1N1","USA","N","2007/02/02","Influenza A virus (A/Tennessee/UR06-0151/2007(H1N1))","3 Y","M","","c"
"ABW23273","565","Human","HA","H1N1","USA","N","2007/02/05","Influenza A virus (A/New Mexico/04/2007(H1N1))","","","","c"
"ACL12063","565","Human","HA","H1N1","USA","N","2007/02/05","Influenza A virus (A/Texas/UR06-0156/2007(H1N1))","4 Y","","","c"
"ABW40433","565","Human","HA","H1N1","USA","N","2007/02/05","Influenza A virus (A/Texas/UR06-0157/2007(H1N1))","5 Y","F","","c"
"ABY51116","565","Human","HA","H1N1","USA","N","2007/02/05","Influenza A virus (A/Kansas/UR06-0192/2007(H1N1))","5 Y","F","","c"
"ABV30107","565","Human","HA","H1N1","USA","N","2007/02/05","Influenza A virus (A/Kentucky/UR06-0188/2007(H1N1))","8 Y","F","","c"
"ABW40400","565","Human","HA","H1N1","USA","N","2007/02/05","Influenza A virus (A/Virginia/UR06-0164/2007(H1N1))","4 Y","F","","c"
"ABX58437","565","Human","HA","H1N1","USA","N","2007/02/05","Influenza A virus (A/Kentucky/UR06-0162/2007(H1N1))","3 Y","M","","c"
"ABW86431","565","Human","HA","H1N1","USA","N","2007/02/05","Influenza A virus (A/Ohio/UR06-0166/2007(H1N1))","6 Y","M","","c"
"ABW91405","565","Human","HA","H1N1","USA","N","2007/02/05","Influenza A virus (A/Oregon/UR06-0179/2007(H1N1))","10 Y","F","","c"
"ABX58602","565","Human","HA","H1N1","USA","N","2007/02/05","Influenza A virus (A/Kansas/UR06-0191/2007(H1N1))","6 Y","M","","c"
"ABX58349","565","Human","HA","H1N1","USA","N","2007/02/05","Influenza A virus (A/Oregon/UR06-0185/2007(H1N1))","13 Y","F","","c"
"ABW40455","565","Human","HA","H1N1","USA","N","2007/02/05","Influenza A virus (A/Kentucky/UR06-0161/2007(H1N1))","17 Y","M","","c"
"ABW23325","565","Human","HA","H1N1","USA","N","2007/02/06","Influenza A virus (A/Texas/06/2007(H1N1))","","","","c"
"ABW23337","565","Human","HA","H1N1","USA","N","2007/02/06","Influenza A virus (A/Nebraska/02/2007(H1N1))","","","","c"
"ABV30173","565","Human","HA","H1N1","USA","N","2007/02/06","Influenza A virus (A/Texas/UR06-0193/2007(H1N1))","8 Y","M","","c"
"ABW86508","565","Human","HA","H1N1","USA","N","2007/02/06","Influenza A virus (A/Kentucky/UR06-0184/2007(H1N1))","3 Y","F","","c"
"ABV30547","565","Human","HA","H1N1","USA","N","2007/02/06","Influenza A virus (A/Texas/UR06-0174/2007(H1N1))","6 Y","M","","c"
"ABY81393","565","Human","HA","H1N1","USA","N","2007/02/06","Influenza A virus (A/Virginia/UR06-0180/2007(H1N1))","3.5 Y","M","","c"
"ABW40510","565","Human","HA","H1N1","USA","N","2007/02/06","Influenza A virus (A/Kentucky/UR06-0183/2007(H1N1))","7 Y","F","","c"
"ABW71327","565","Human","HA","H1N1","USA","N","2007/02/06","Influenza A virus (A/Texas/UR06-0176/2007(H1N1))","6 Y","M","","c"
"ABV29964","565","Human","HA","H1N1","USA","N","2007/02/06","Influenza A virus (A/Texas/UR06-0196/2007(H1N1))","9 Y","M","","c"
"ABV45926","565","Human","HA","H1N1","USA","N","2007/02/06","Influenza A virus (A/Texas/UR06-0195/2007(H1N1))","4 Y","F","","c"
"ABW36245","565","Human","HA","H1N1","USA","N","2007/02/06","Influenza A virus (A/Texas/UR06-0175/2007(H1N1))","8 Y","F","","c"
"ACC61986","565","Human","HA","H1N1","USA","N","2007/02/06","Influenza A virus (A/Ohio/UR06-0178/2007(H1N1))","41 Y","F","","c"
"ABX58613","565","Human","HA","H1N1","USA","N","2007/02/06","Influenza A virus (A/Kentucky/UR06-0182/2007(H1N1))","7 Y","F","","c"
"ABY51105","565","Human","HA","H1N1","USA","N","2007/02/06","Influenza A virus (A/Kentucky/UR06-0181/2007(H1N1))","2 Y","M","","c"
"ABW40675","565","Human","HA","H1N1","USA","N","2007/02/06","Influenza A virus (A/Ohio/UR06-0177/2007(H1N1))","9 Y","F","","c"
"ABW91218","565","Human","HA","H1N1","USA","N","2007/02/07","Influenza A virus (A/Texas/UR06-0204/2007(H1N1))","4 Y","F","","c"
"ABW39971","565","Human","HA","H1N1","USA","N","2007/02/07","Influenza A virus (A/New York/UR06-0199/2007(H1N1))","5 Y","M","","c"
"ABY51083","565","Human","HA","H1N1","USA","N","2007/02/07","Influenza A virus (A/Florida/UR06-0209/2007(H1N1))","3 Y","M","","c"
"ABW86321","565","Human","HA","H1N1","USA","N","2007/02/07","Influenza A virus (A/Florida/UR06-0208/2007(H1N1))","6 Y","F","","c"
"ABV29788","565","Human","HA","H1N1","USA","N","2007/02/07","Influenza A virus (A/Texas/UR06-0203/2007(H1N1))","4 Y","M","","c"
"ABV29799","565","Human","HA","H1N1","USA","N","2007/02/07","Influenza A virus (A/Colorado/UR06-0207/2007(H1N1))","6 Y","F","","c"
"ABX58701","565","Human","HA","H1N1","USA","N","2007/02/07","Influenza A virus (A/Oregon/UR06-0219/2007(H1N1))","10Y","F","","c"
"ABW86343","565","Human","HA","H1N1","USA","N","2007/02/08","Influenza A virus (A/Kentucky/UR06-0220/2007(H1N1))","6 Y","F","","c"
"ABW91306","565","Human","HA","H1N1","USA","N","2007/02/08","Influenza A virus (A/Texas/UR06-0216/2007(H1N1))","5 Y","M","","c"
"ABV45882","565","Human","HA","H1N1","USA","N","2007/02/08","Influenza A virus (A/Illinois/UR06-0223/2007(H1N1))","6 Y","M","","c"
"ABY51050","565","Human","HA","H1N1","USA","N","2007/02/08","Influenza A virus (A/Texas/UR06-0217/2007(H1N1))","16 Y","M","","c"
"ABW40345","565","Human","HA","H1N1","USA","N","2007/02/08","Influenza A virus (A/Oregon/UR06-0231/2007(H1N1))","13 Y","F","","c"
"ABY51193","565","Human","HA","H1N1","USA","N","2007/02/08","Influenza A virus (A/Illinois/UR06-0215/2007(H1N1))","52 Y","F","","c"
"ABW36234","565","Human","HA","H1N1","USA","N","2007/02/09","Influenza A virus (A/California/UR06-0232/2007(H1N1))","4 Y","M","","c"
"ABW40598","565","Human","HA","H1N1","USA","N","2007/02/09","Influenza A virus (A/Oregon/UR06-0230/2007(H1N1))","11 Y","M","","c"
"ABW91537","565","Human","HA","H1N1","USA","N","2007/02/09","Influenza A virus (A/Illinois/UR06-0227/2007(H1N1))","10 Y","F","","c"
"ACC61964","565","Human","HA","H1N1","USA","N","2007/02/09","Influenza A virus (A/Virginia/UR06-0228/2007(H1N1))","10 Y","M","","c"
"ABW86409","565","Human","HA","H1N1","USA","N","2007/02/09","Influenza A virus (A/Ohio/UR06-0233/2007(H1N1))","7 Y","F","","c"
"ABV30019","565","Human","HA","H1N1","USA","N","2007/02/12","Influenza A virus (A/Illinois/UR06-0248/2007(H1N1))","14 Y","M","","c"
"ABV30162","565","Human","HA","H1N1","USA","N","2007/02/12","Influenza A virus (A/Kentucky/UR06-0240/2007(H1N1))","4 Y","M","","c"
"ABV30591","565","Human","HA","H1N1","USA","N","2007/02/12","Influenza A virus (A/Virginia/UR06-0245/2007(H1N1))","13 Y","F","","c"
"ABX58382","565","Human","HA","H1N1","USA","N","2007/02/12","Influenza A virus (A/Kansas/UR06-0284/2007(H1N1))","4 Y","F","","c"
"ABW86365","565","Human","HA","H1N1","USA","N","2007/02/12","Influenza A virus (A/Illinois/UR06-0249/2007(H1N1))","25 Y","F","","c"
"ABX58360","565","Human","HA","H1N1","USA","N","2007/02/12","Influenza A virus (A/Oklahoma/UR06-0241/2007(H1N1))","24 Y","M","","c"
"ABW71448","565","Human","HA","H1N1","USA","N","2007/02/12","Influenza A virus (A/Tennessee/UR06-0239/2007(H1N1))","4 Y","M","","c"
"ABV29700","565","Human","HA","H1N1","USA","N","2007/02/12","Influenza A virus (A/Colorado/UR06-0255/2007(H1N1))","11 Y","F","","c"
"ABV29678","565","Human","HA","H1N1","USA","N","2007/02/12","Influenza A virus (A/Mississippi/UR06-0242/2007(H1N1))","15 Y","F","","c"
"ABY51072","565","Human","HA","H1N1","USA","N","2007/02/12","Influenza A virus (A/Texas/UR06-0250/2007(H1N1))","2 Y","M","","c"
"ABW86464","565","Human","HA","H1N1","USA","N","2007/02/12","Influenza A virus (A/Kansas/UR06-0283/2007(H1N1))","5 Y","M","","c"
"ACA24513","565","Human","HA","H1N1","USA","N","2007/02/12","Influenza A virus (A/Ohio/UR06-0296/2007(H1N1))","11 Y","M","","c"
"ABW86530","565","Human","HA","H1N1","USA","N","2007/02/12","Influenza A virus (A/Tennessee/UR06-0234/2007(H1N1))","13 Y","F","","c"
"ABW40521","565","Human","HA","H1N1","USA","N","2007/02/12","Influenza A virus (A/Virginia/UR06-0244/2007(H1N1))","6 Y","F","","c"
"ACC61975","565","Human","HA","H1N1","USA","N","2007/02/12","Influenza A virus (A/Tennessee/UR06-0236/2007(H1N1))","11 Y","F","","c"
"ABX58492","565","Human","HA","H1N1","USA","N","2007/02/12","Influenza A virus (A/Tennessee/UR06-0238/2007(H1N1))","4 Y","M","","c"
"ABW40180","565","Human","HA","H1N1","USA","N","2007/02/13","Influenza A virus (A/Colorado/UR06-0287/2007(H1N1))","12 Y","M","","c"
"ABX58294","565","Human","HA","H1N1","USA","N","2007/02/13","Influenza A virus (A/Kentucky/UR06-0259/2007(H1N1))","6 Y","M","","c"
"ABW40389","565","Human","HA","H1N1","USA","N","2007/02/13","Influenza A virus (A/Virginia/UR06-0267/2007(H1N1))","13 Y","M","","c"
"ABW36300","565","Human","HA","H1N1","USA","N","2007/02/13","Influenza A virus (A/Texas/UR06-0270/2007(H1N1))","5 Y","M","","c"
"ACN32804","565","Human","HA","H1N1","USA","N","2007/02/13","Influenza A virus (A/Florida/UR06-0265/2007(H1N1))","6 Y","","","c"
"ABW39993","565","Human","HA","H1N1","USA","N","2007/02/13","Influenza A virus (A/New York/UR06-0253/2007(H1N1))","59 Y","F","","c"
"ABV30536","565","Human","HA","H1N1","USA","N","2007/02/13","Influenza A virus (A/Kentucky/UR06-0257/2007(H1N1))","10 Y","M","","c"
"ABW36223","565","Human","HA","H1N1","USA","N","2007/02/13","Influenza A virus (A/Texas/UR06-0271/2007(H1N1))","6 Y","F","","c"
"ABX58371","565","Human","HA","H1N1","USA","N","2007/02/13","Influenza A virus (A/Virginia/UR06-0266/2007(H1N1))","9 Y","M","","c"
"ABW86453","565","Human","HA","H1N1","USA","N","2007/02/13","Influenza A virus (A/Tennessee/UR06-0262/2007(H1N1))","3 Y","M","","c"
"ABX58316","565","Human","HA","H1N1","USA","N","2007/02/13","Influenza A virus (A/Oregon/UR06-0291/2007(H1N1))","8Y","M","","c"
"ABW40356","565","Human","HA","H1N1","USA","N","2007/02/13","Influenza A virus (A/Virginia/UR06-0254/2007(H1N1))","8 Y","M","","c"
"ABX58635","565","Human","HA","H1N1","USA","N","2007/02/13","Influenza A virus (A/Kentucky/UR06-0258/2007(H1N1))","5 Y","F","","c"
"ABX58327","565","Human","HA","H1N1","USA","N","2007/02/14","Influenza A virus (A/Virginia/UR06-0295/2007(H1N1))","42 Y","M","","c"
"ABV30294","565","Human","HA","H1N1","USA","N","2007/02/14","Influenza A virus (A/Florida/UR06-0280/2007(H1N1))","15 Y","F","","c"
"ABW39839","565","Human","HA","H1N1","USA","N","2007/02/14","Influenza A virus (A/California/UR06-0302/2007(H1N1))","5 Y","F","","c"
"ABY51160","565","Human","HA","H1N1","USA","N","2007/02/14","Influenza A virus (A/Tennessee/UR06-0277/2007(H1N1))","5 Y","M","","c"
"ABW71426","565","Human","HA","H1N1","USA","N","2007/02/14","Influenza A virus (A/Tennessee/UR06-0294/2007(H1N1))","2 Y","M","","c"
"ABW91339","565","Human","HA","H1N1","USA","N","2007/02/14","Influenza A virus (A/Virginia/UR06-0297/2007(H1N1))","7 Y","F","","c"
"ABV45893","565","Human","HA","H1N1","USA","N","2007/02/15","Influenza A virus (A/Texas/UR06-0303/2007(H1N1))","5 Y","F","","c"
"ABW71305","565","Human","HA","H1N1","USA","N","2007/02/15","Influenza A virus (A/Texas/UR06-0305/2007(H1N1))","13 Y","M","","c"
"ABW39982","565","Human","HA","H1N1","USA","N","2007/02/15","Influenza A virus (A/Texas/UR06-0308/2007(H1N1))","4 Y","M","","c"
"ABV30140","565","Human","HA","H1N1","USA","N","2007/02/15","Influenza A virus (A/Vermont/UR06-0301/2007(H1N1))","3 Y","F","","c"
"ABV82551","565","Human","HA","H1N1","USA","N","2007/02/15","Influenza A virus (A/Texas/UR06-0306/2007(H1N1))","18 Y","F","","c"
"ABW39927","565","Human","HA","H1N1","USA","N","2007/02/15","Influenza A virus (A/Texas/UR06-0309/2007(H1N1))","6 Y","M","","c"
"ABX58415","565","Human","HA","H1N1","USA","N","2007/02/15","Influenza A virus (A/Tennessee/UR06-0312/2007(H1N1))","2 Y","M","","c"
"ABW40499","565","Human","HA","H1N1","USA","N","2007/02/16","Influenza A virus (A/Kentucky/UR06-0327/2007(H1N1))","9 Y","M","","c"
"ACR61655","565","Human","HA","H1N1","USA","N","2007/02/16","Influenza A virus (A/Texas/UR06-0323/2007(H1N1))","7 Y","","","c"
"ABW91284","565","Human","HA","H1N1","USA","N","2007/02/16","Influenza A virus (A/New York/UR06-0326/2007(H1N1))","54 Y","F","","c"
"ACN32815","565","Human","HA","H1N1","USA","N","2007/02/16","Influenza A virus (A/Vermont/UR06-0330/2007(H1N1))","2 Y","","","c"
"ABW40158","565","Human","HA","H1N1","USA","N","2007/02/16","Influenza A virus (A/California/UR06-0321/2007(H1N1))","44 Y","M","","c"
"ABW40235","565","Human","HA","H1N1","USA","N","2007/02/16","Influenza A virus (A/Colorado/UR06-0336/2007(H1N1))","8 Y","F","","c"
"ABV30569","565","Human","HA","H1N1","USA","N","2007/02/16","Influenza A virus (A/Ohio/UR06-0325/2007(H1N1))","4 Y","F","","c"
"ABW40466","565","Human","HA","H1N1","USA","N","2007/02/16","Influenza A virus (A/Kentucky/UR06-0328/2007(H1N1))","5 Y","F","","c"
"ABW86332","565","Human","HA","H1N1","USA","N","2007/02/19","Influenza A virus (A/Texas/UR06-0342/2007(H1N1))","5 Y","F","","c"
"ABW40477","565","Human","HA","H1N1","USA","N","2007/02/19","Influenza A virus (A/North Carolina/UR06-0364/2007(H1N1))","5 Y","F","","c"
"ABV29843","565","Human","HA","H1N1","USA","N","2007/02/19","Influenza A virus (A/Illinois/UR06-0333/2007(H1N1))","40 Y","M","","c"
"ABY51138","565","Human","HA","H1N1","USA","N","2007/02/19","Influenza A virus (A/Virginia/UR06-0332/2007(H1N1))","11 Y","M","","c"
"ABX58580","565","Human","HA","H1N1","USA","N","2007/02/19","Influenza A virus (A/Ohio/UR06-0353/2007(H1N1))","4 Y","F","","c"
"ABW91526","565","Human","HA","H1N1","USA","N","2007/02/19","Influenza A virus (A/Kentucky/UR06-0339/2007(H1N1))","6 Y","F","","c"
"ABW40279","565","Human","HA","H1N1","USA","N","2007/02/19","Influenza A virus (A/Ohio/UR06-0341/2007(H1N1))","49 Y","F","","c"
"ABY51149","565","Human","HA","H1N1","USA","N","2007/02/19","Influenza A virus (A/North Carolina/UR06-0365/2007(H1N1))","7 Y","M","","c"
"ABY51182","565","Human","HA","H1N1","USA","N","2007/02/19","Influenza A virus (A/Virginia/UR06-0346/2007(H1N1))","6 Y","M","","c"
"ABV30184","565","Human","HA","H1N1","USA","N","2007/02/20","Influenza A virus (A/Texas/UR06-0359/2007(H1N1))","3 Y","F","","c"
"ABW36256","565","Human","HA","H1N1","USA","N","2007/02/20","Influenza A virus (A/Mississippi/UR06-0378/2007(H1N1))","28 Y","M","","c"
"ABW86354","565","Human","HA","H1N1","USA","N","2007/02/20","Influenza A virus (A/Texas/UR06-0357/2007(H1N1))","14 Y","M","","c"
"ACN42981","565","Human","HA","H1N1","USA","N","2007/02/20","Influenza A virus (A/Tennessee/UR06-0379/2007(H1N1))","10 Y","","","c"
"ABV29733","565","Human","HA","H1N1","USA","N","2007/02/20","Influenza A virus (A/Kentucky/UR06-0363/2007(H1N1))","2 Y","M","","c"
"ABW36179","565","Human","HA","H1N1","USA","N","2007/02/20","Influenza A virus (A/California/UR06-0374/2007(H1N1))","46 Y","M","","c"
"ABW36190","565","Human","HA","H1N1","USA","N","2007/02/20","Influenza A virus (A/Florida/UR06-0354/2007(H1N1))","6 Y","F","","c"
"ABW40037","565","Human","HA","H1N1","USA","N","2007/02/20","Influenza A virus (A/California/UR06-0375/2007(H1N1))","6 Y","M","","c"
"ABV29975","565","Human","HA","H1N1","USA","N","2007/02/20","Influenza A virus (A/Florida/UR06-0355/2007(H1N1))","5 Y","M","","c"
"ABX58624","565","Human","HA","H1N1","USA","N","2007/02/20","Influenza A virus (A/Virginia/UR06-0351/2007(H1N1))","7 Y","M","","c"
"ABY81415","565","Human","HA","H1N1","USA","N","2007/02/20","Influenza A virus (A/Virginia/UR06-0361/2007(H1N1))","13 Y","M","","c"
"ABW91636","565","Human","HA","H1N1","USA","N","2007/02/20","Influenza A virus (A/Virginia/UR06-0360/2007(H1N1))","7Y","M","","c"
"ABV29645","565","Human","HA","H1N1","USA","N","2007/02/21","Influenza A virus (A/Texas/UR06-0380/2007(H1N1))","7 Y","F","","c"
"ABW39949","565","Human","HA","H1N1","USA","N","2007/02/21","Influenza A virus (A/Illinois/UR06-0376/2007(H1N1))","41 Y","M","","c"
"ABV29689","565","Human","HA","H1N1","USA","N","2007/02/21","Influenza A virus (A/Illinois/UR06-0377/2007(H1N1))","37 Y","F","","c"
"ABW39850","565","Human","HA","H1N1","USA","N","2007/02/21","Influenza A virus (A/California/UR06-0393/2007(H1N1))","5 Y","M","","c"
"ABV30305","565","Human","HA","H1N1","USA","N","2007/02/21","Influenza A virus (A/Florida/UR06-0383/2007(H1N1))","14 Y","M","","c"
"ABW71470","565","Human","HA","H1N1","USA","N","2007/02/21","Influenza A virus (A/Kentucky/UR06-0371/2007(H1N1))","8 Y","M","","c"
"ACN33101","565","Human","HA","H1N1","USA","N","2007/02/21","Influenza A virus (A/Kentucky/UR06-0369/2007(H1N1))","10 Y","","","c"
"ABW40367","565","Human","HA","H1N1","USA","N","2007/02/21","Influenza A virus (A/Virginia/UR06-0384/2007(H1N1))","4 Y","M","","c"
"ABY81382","565","Human","HA","H1N1","USA","N","2007/02/21","Influenza A virus (A/Kentucky/UR06-0372/2007(H1N1))","5 Y","F","","c"
"ABW91328","565","Human","HA","H1N1","USA","N","2007/02/22","Influenza A virus (A/Tennessee/UR06-0388/2007(H1N1))","5 Y","M","","c"
"ABV29777","565","Human","HA","H1N1","USA","N","2007/02/22","Influenza A virus (A/Texas/UR06-0398/2007(H1N1))","1 Y","M","","c"
"ABV29634","565","Human","HA","H1N1","USA","N","2007/02/22","Influenza A virus (A/New York/UR06-0386/2007(H1N1))","46 Y","F","","c"
"ABX58525","565","Human","HA","H1N1","USA","N","2007/02/22","Influenza A virus (A/Kentucky/UR06-0391/2007(H1N1))","6 Y","M","","c"
"ABX58547","565","Human","HA","H1N1","USA","N","2007/02/22","Influenza A virus (A/Virginia/UR06-0387/2007(H1N1))","37 Y","F","","c"
"ABW39883","565","Human","HA","H1N1","USA","N","2007/02/23","Influenza A virus (A/Texas/UR06-0397/2007(H1N1))","9 Y","M","","c"
"ABX58470","565","Human","HA","H1N1","USA","N","2007/02/23","Influenza A virus (A/Kentucky/UR06-0401/2007(H1N1))","1 Y","M","","c"
"ABW86519","565","Human","HA","H1N1","USA","N","2007/02/23","Influenza A virus (A/Ohio/UR06-0394/2007(H1N1))","13 Y","M","","c"
"ABY51171","565","Human","HA","H1N1","USA","N","2007/02/23","Influenza A virus (A/Ohio/UR06-0429/2007(H1N1))","11 Y","M","","c"
"ABV29755","565","Human","HA","H1N1","USA","N","2007/02/26","Influenza A virus (A/California/UR06-0435/2007(H1N1))","6 Y","F","","c"
"ABW40103","565","Human","HA","H1N1","USA","N","2007/02/26","Influenza A virus (A/Florida/UR06-0412/2007(H1N1))","3 Y","M","","c"
"ABX58393","565","Human","HA","H1N1","USA","N","2007/02/26","Influenza A virus (A/Ohio/UR06-0411/2007(H1N1))","9 Y","F","","c"
"ABW40576","565","Human","HA","H1N1","USA","N","2007/02/26","Influenza A virus (A/Ohio/UR06-0443/2007(H1N1))","7 Y","F","","c"
"ACR61666","565","Human","HA","H1N1","USA","N","2007/02/26","Influenza A virus (A/California/UR06-0439/2007(H1N1))","3 Y","","","c"
"ABV30052","565","Human","HA","H1N1","USA","N","2007/02/26","Influenza A virus (A/Illinois/UR06-0415/2007(H1N1))","30 Y","M","","c"
"ACN32793","565","Human","HA","H1N1","USA","N","2007/02/26","Influenza A virus (A/Texas/UR06-0422/2007(H1N1))","6 Y","","","c"
"ABX58481","565","Human","HA","H1N1","USA","N","2007/02/26","Influenza A virus (A/Kentucky/UR06-0425/2007(H1N1))","8 Y","M","","c"
"ABW86497","565","Human","HA","H1N1","USA","N","2007/02/26","Influenza A virus (A/Tennessee/UR06-0414/2007(H1N1))","3.5 Y","F","","c"
"ABX58712","565","Human","HA","H1N1","USA","N","2007/02/26","Influenza A virus (A/Texas/UR06-0420/2007(H1N1))","8Y","M","","c"
"ABW86606","565","Human","HA","H1N1","USA","N","2007/02/26","Influenza A virus (A/Kentucky/UR06-0424/2007(H1N1))","1 Y","M","","c"
"ABY51248","565","Human","HA","H1N1","USA","N","2007/02/26","Influenza A virus (A/California/UR06-0442/2007(H1N1))","3Y","F","","c"
"ABX58261","565","Human","HA","H1N1","USA","N","2007/02/27","Influenza A virus (A/California/UR06-0440/2007(H1N1))","7 Y","F","","c"
"ABW91273","565","Human","HA","H1N1","USA","N","2007/02/27","Influenza A virus (A/Texas/UR06-0445/2007(H1N1))","1 Y","F","","c"
"ABW91295","565","Human","HA","H1N1","USA","N","2007/02/27","Influenza A virus (A/Florida/UR06-0447/2007(H1N1))","12 Y","M","","c"
"ABW91383","565","Human","HA","H1N1","USA","N","2007/02/27","Influenza A virus (A/Kentucky/UR06-0449/2007(H1N1))","7 Y","F","","c"
"ABV30008","565","Human","HA","H1N1","USA","N","2007/02/27","Influenza A virus (A/Texas/UR06-0461/2007(H1N1))","9 Y","F","","c"
"ABW36278","565","Human","HA","H1N1","USA","N","2007/02/27","Influenza A virus (A/Texas/UR06-0444/2007(H1N1))","3 Y","M","","c"
"ABW91482","565","Human","HA","H1N1","USA","N","2007/02/27","Influenza A virus (A/Tennessee/UR06-0459/2007(H1N1))","3 Y","F","","c"
"ABV29766","565","Human","HA","H1N1","USA","N","2007/02/28","Influenza A virus (A/Alabama/UR06-0455/2007(H1N1))","28 Y","M","","c"
"ABV29953","565","Human","HA","H1N1","USA","N","2007/02/28","Influenza A virus (A/Illinois/UR06-0456/2007(H1N1))","44 Y","F","","c"
"ABW40488","565","Human","HA","H1N1","USA","N","2007/02/28","Influenza A virus (A/Ohio/UR06-0465/2007(H1N1))","7 Y","M","","c"
"ABY51039","565","Human","HA","H1N1","USA","N","2007/03/01","Influenza A virus (A/California/UR06-0479/2007(H1N1))","13 Y","M","","c"
"ABV29854","565","Human","HA","H1N1","USA","N","2007/03/01","Influenza A virus (A/Texas/UR06-0467/2007(H1N1))","5 Y","M","","c"
"ABW39916","565","Human","HA","H1N1","USA","N","2007/03/01","Influenza A virus (A/Kentucky/UR06-0476/2007(H1N1))","7 Y","M","","c"
"ABX58272","565","Human","HA","H1N1","USA","N","2007/03/01","Influenza A virus (A/Colorado/UR06-0496/2007(H1N1))","2.5 Y","F","","c"
"ABW40202","565","Human","HA","H1N1","USA","N","2007/03/01","Influenza A virus (A/Illinois/UR06-0491/2007(H1N1))","33 Y","M","","c"
"ABW71338","565","Human","HA","H1N1","USA","N","2007/03/01","Influenza A virus (A/Vermont/UR06-0472/2007(H1N1))","2 Y","F","","c"
"ABW39777","565","Human","HA","H1N1","USA","N","2007/03/01","Influenza A virus (A/Texas/UR06-0468/2007(H1N1))","6 Y","M","","c"
"ABX58283","565","Human","HA","H1N1","USA","N","2007/03/01","Influenza A virus (A/Illinois/UR06-0475/2007(H1N1))","13 Y","M","","c"
"ABW86552","565","Human","HA","H1N1","USA","N","2007/03/01","Influenza A virus (A/Tennessee/UR06-0473/2007(H1N1))","8 Y","M","","c"
"AEM60058","565","Human","HA","H1N1","USA","N","2007/03/01","Influenza A virus (A/Colorado/UR06-0495/2007(H1N1))","","","","c"
"ACN32826","565","Human","HA","H1N1","USA","N","2007/03/02","Influenza A virus (A/Vermont/UR06-0513/2007(H1N1))","7 Y","","","c"
"ACN33090","565","Human","HA","H1N1","USA","N","2007/03/02","Influenza A virus (A/Ohio/UR06-0493/2007(H1N1))","1 Y","","","c"
"ABV30283","565","Human","HA","H1N1","USA","N","2007/03/02","Influenza A virus (A/Vermont/UR06-0485/2007(H1N1))","1 Y","M","","c"
"ABV29612","565","Human","HA","H1N1","USA","N","2007/03/05","Influenza A virus (A/Texas/UR06-0502/2007(H1N1))","6 Y","F","","c"
"ABV45959","565","Human","HA","H1N1","USA","N","2007/03/05","Influenza A virus (A/Colorado/UR06-0498/2007(H1N1))","3 Y","M","","c"
"ABW39960","565","Human","HA","H1N1","USA","N","2007/03/05","Influenza A virus (A/Vermont/UR06-0511/2007(H1N1))","9 Y","M","","c"
"ABX58250","565","Human","HA","H1N1","USA","N","2007/03/05","Influenza A virus (A/Texas/UR06-0503/2007(H1N1))","5 Y","M","","c"
"ABW71393","565","Human","HA","H1N1","USA","N","2007/03/05","Influenza A virus (A/Colorado/UR06-0499/2007(H1N1))","5 Y","M","","c"
"ABW40015","565","Human","HA","H1N1","USA","N","2007/03/05","Influenza A virus (A/Florida/UR06-0501/2007(H1N1))","13 Y","M","","c"
"ABW71437","565","Human","HA","H1N1","USA","N","2007/03/05","Influenza A virus (A/Ohio/UR06-0521/2007(H1N1))","1 Y","M","","c"
"ABW91460","565","Human","HA","H1N1","USA","N","2007/03/05","Influenza A virus (A/Tennessee/UR06-0508/2007(H1N1))","4 Y","M","","c"
"ABX58569","565","Human","HA","H1N1","USA","N","2007/03/05","Influenza A virus (A/Tennessee/UR06-0509/2007(H1N1))","12 Y","F","","c"
"ABW40411","565","Human","HA","H1N1","USA","N","2007/03/05","Influenza A virus (A/Ohio/UR06-0518/2007(H1N1))","10 Y","F","","c"
"ABX58591","565","Human","HA","H1N1","USA","N","2007/03/05","Influenza A virus (A/Oklahoma/UR06-0519/2007(H1N1))","41 Y","F","","c"
"ABW36201","565","Human","HA","H1N1","USA","N","2007/03/06","Influenza A virus (A/Texas/UR06-0540/2007(H1N1))","5 Y","F","","c"
"ABV30041","565","Human","HA","H1N1","USA","N","2007/03/06","Influenza A virus (A/Texas/UR06-0526/2007(H1N1))","7 Y","F","","c"
"ABX58448","565","Human","HA","H1N1","USA","N","2007/03/06","Influenza A virus (A/Ohio/UR06-0522/2007(H1N1))","4 Y","M","","c"
"ABW86442","565","Human","HA","H1N1","USA","N","2007/03/06","Influenza A virus (A/Alabama/UR06-0536/2007(H1N1))","64 Y","F","","c"
"ABW86376","565","Human","HA","H1N1","USA","N","2007/03/07","Influenza A virus (A/California/UR06-0564/2007(H1N1))","30 Y","M","","c"
"ABV30525","565","Human","HA","H1N1","USA","N","2007/03/07","Influenza A virus (A/Kentucky/UR06-0539/2007(H1N1))","10 Y","M","","c"
"ABW91427","565","Human","HA","H1N1","USA","N","2007/03/07","Influenza A virus (A/Virginia/UR06-0549/2007(H1N1))","28 Y","M","","c"
"ABW36212","565","Human","HA","H1N1","USA","N","2007/03/07","Influenza A virus (A/Texas/UR06-0542/2007(H1N1))","6 Y","M","","c"
"ABV29986","565","Human","HA","H1N1","USA","N","2007/03/07","Influenza A virus (A/Texas/UR06-0563/2007(H1N1))","3 Y","F","","c"
"ABV45948","565","Human","HA","H1N1","USA","N","2007/03/07","Influenza A virus (A/Kentucky/UR06-0538/2007(H1N1))","7 Y","M","","c"
"ABV30459","565","Human","HA","H1N1","USA","N","2007/03/07","Influenza A virus (A/Mississippi/UR06-0537/2007(H1N1))","8 Y","F","","c"
"ABV30151","565","Human","HA","H1N1","USA","N","2007/03/08","Influenza A virus (A/Kentucky/UR06-0553/2007(H1N1))","15 Y","M","","c"
"ABW40147","565","Human","HA","H1N1","USA","N","2007/03/08","Influenza A virus (A/Vermont/UR06-0556/2007(H1N1))","3 Y","F","","c"
"ABW91350","565","Human","HA","H1N1","USA","N","2007/03/08","Influenza A virus (A/Virginia/UR06-0562/2007(H1N1))","4 Y","M","","c"
"ABY51259","565","Human","HA","H1N1","USA","N","2007/03/08","Influenza A virus (A/California/UR06-0552/2007(H1N1))","6Y","F","","c"
"ABW71371","565","Human","HA","H1N1","USA","N","2007/03/09","Influenza A virus (A/California/UR06-0585/2007(H1N1))","11 Y","M","","c"
"ABV30360","565","Human","HA","H1N1","USA","N","2007/03/11","Influenza A virus (A/Vermont/UR06-0574/2007(H1N1))","4 Y","M","","c"
"ABV45871","565","Human","HA","H1N1","USA","N","2007/03/12","Influenza A virus (A/Vermont/UR06-0575/2007(H1N1))","3 Y","F","","c"
"ABV29887","565","Human","HA","H1N1","USA","N","2007/03/12","Influenza A virus (A/Vermont/UR06-0576/2007(H1N1))","3 Y","M","","c"
"ABW40092","565","Human","HA","H1N1","USA","N","2007/03/12","Influenza A virus (A/Texas/UR06-0582/2007(H1N1))","6 Y","M","","c"
"ABW39894","565","Human","HA","H1N1","USA","N","2007/03/12","Influenza A virus (A/Vermont/UR06-0573/2007(H1N1))","3 Y","M","","c"
"ACD56280","565","Human","HA","H1N1","USA","N","2007/03/12","Influenza A virus (A/Ohio/UR06-0591/2007(H1N1))","7Y","M","","c"
"ABW39861","565","Human","HA","H1N1","USA","N","2007/03/13","Influenza A virus (A/Florida/UR06-0577/2007(H1N1))","5 Y","M","","c"
"ABW36289","565","Human","HA","H1N1","USA","N","2007/03/13","Influenza A virus (A/Mississippi/UR06-0595/2007(H1N1))","3 Y","M","","c"
"ABW91317","565","Human","HA","H1N1","USA","N","2007/03/13","Influenza A virus (A/Florida/UR06-0578/2007(H1N1))","10 Y","F","","c"
"ABX58338","565","Human","HA","H1N1","USA","N","2007/03/13","Influenza A virus (A/Virginia/UR06-0594/2007(H1N1))","9 Y","F","","c"
"ACF41680","565","Human","HA","H1N1","USA","N","2007/03/15","Influenza A virus (A/Oregon/UR06-0609/2007(H1N1))","8Y","F","","c"
"ACA33675","565","Human","HA","H1N1","USA","N","2007/03/28","Influenza A virus (A/Texas/31/2007(H1N1))","","","","c"
"ABW23342","565","Human","HA","H1N1","USA","N","2007/04/02","Influenza A virus (A/New York/08/2007(H1N1))","","","","c"
"ACA33734","565","Human","HA","H1N1","USA","N","2007/07/17","Influenza A virus (A/South Dakota/06/2007(H1N1))","","","","c"
"ACD47250","565","Human","HA","H1N1","USA","N","2007/07/17","Influenza A virus (A/South Dakota/06/2007(H1N1))","","","","c"
"ACA33794","565","Human","HA","H1N1","USA","N","2007/07/17","Influenza A virus (A/South Dakota/06/2007(H1N1))","","","","c"
"ABW23343","565","Human","HA","H1N1","USA","N","2007/07/19","Influenza A virus (A/Arkansas/01/2007(H1N1))","","","","c"
"ABW23338","565","Human","HA","H1N1","USA","N","2007/07/19","Influenza A virus (A/Arkansas/01/2007(H1N1))","","","","c"
"ACQ73203","566","Human","HA","H1N1","USA","N","2007/08/17","Influenza A virus (A/Ohio/01/2007(H1N1))","","","","c"
"ACQ73204","566","Human","HA","H1N1","USA","N","2007/08/17","Influenza A virus (A/Ohio/02/2007(H1N1))","","","","c"
"ACA33701","565","Human","HA","H1N1","USA","N","2007/08/20","Influenza A virus (A/Hawaii/15/2007(H1N1))","","","","c"
"ACA33703","565","Human","HA","H1N1","USA","N","2007/08/21","Influenza A virus (A/Hawaii/16/2007(H1N1))","","","","c"
"ACA33704","565","Human","HA","H1N1","USA","N","2007/08/22","Influenza A virus (A/Hawaii/17/2007(H1N1))","","","","c"
"ACA33677","565","Human","HA","H1N1","USA","N","2007/08/29","Influenza A virus (A/Texas/32/2007(H1N1))","","","","c"
"ACA33702","565","Human","HA","H1N1","USA","N","2007/09/18","Influenza A virus (A/Idaho/11/2007(H1N1))","","","","c"
"ACA33722","565","Human","HA","H1N1","USA","N","2007/10/01","Influenza A virus (A/Hawaii/31/2007(H1N1))","","","","c"
"ACA33672","565","Human","HA","H1N1","USA","N","2007/10/01","Influenza A virus (A/Hawaii/31/2007(H1N1))","","","","c"
"ACA33740","565","Human","HA","H1N1","USA","N","2007/10/02","Influenza A virus (A/California/28/2007(H1N1))","","","","c"
"ACA33736","565","Human","HA","H1N1","USA","N","2007/10/03","Influenza A virus (A/Georgia/08/2007(H1N1))","","","","c"
"ACA33731","565","Human","HA","H1N1","USA","N","2007/10/03","Influenza A virus (A/Hawaii/19/2007(H1N1))","","","","c"
"ACA33723","565","Human","HA","H1N1","USA","N","2007/10/03","Influenza A virus (A/Hawaii/19/2007(H1N1))","","","","c"
"ACA33733","565","Human","HA","H1N1","USA","N","2007/10/04","Influenza A virus (A/Washington/27/2007(H1N1))","","","","c"
"ACA33726","565","Human","HA","H1N1","USA","N","2007/10/10","Influenza A virus (A/Hawaii/35/2007(H1N1))","","","","c"
"ACA33730","565","Human","HA","H1N1","USA","N","2007/10/15","Influenza A virus (A/Texas/41/2007(H1N1))","","","","c"
"ACA33778","565","Human","HA","H1N1","USA","N","2007/10/15","Influenza A virus (A/Colorado/25/2007(H1N1))","","","","c"
"ACA33728","565","Human","HA","H1N1","USA","N","2007/10/19","Influenza A virus (A/Hawaii/18/2007(H1N1))","","","","c"
"ACA33739","565","Human","HA","H1N1","USA","N","2007/10/22","Influenza A virus (A/Hawaii/28/2007(H1N1))","","","","c"
"ACA33737","565","Human","HA","H1N1","USA","N","2007/10/22","Influenza A virus (A/Hawaii/28/2007(H1N1))","","","","c"
"ACA33724","565","Human","HA","H1N1","USA","N","2007/10/22","Influenza A virus (A/Hawaii/21/2007(H1N1))","","","","c"
"ACA33803","565","Human","HA","H1N1","USA","N","2007/10/24","Influenza A virus (A/California/27/2007(H1N1))","","","","c"
"ACA33738","565","Human","HA","H1N1","USA","N","2007/10/25","Influenza A virus (A/Minnesota/25/2007(H1N1))","","","","c"
"ACA33729","565","Human","HA","H1N1","USA","N","2007/10/25","Influenza A virus (A/Hawaii/20/2007(H1N1))","","","","c"
"ACA33793","565","Human","HA","H1N1","USA","N","2007/10/31","Influenza A virus (A/Colorado/26/2007(H1N1))","","","","c"
"ACA33741","565","Human","HA","H1N1","USA","N","2007/11/01","Influenza A virus (A/Florida/05/2007(H1N1))","","","","c"
"ACD47255","565","Human","HA","H1N1","USA","N","2007/11/02","Influenza A virus (A/Hawaii/42/2007(H1N1))","","","","c"
"ACA33782","565","Human","HA","H1N1","USA","N","2007/11/06","Influenza A virus (A/Colorado/27/2007(H1N1))","","","","c"
"ACA33807","565","Human","HA","H1N1","USA","N","2007/11/06","Influenza A virus (A/Washington/28/2007(H1N1))","","","","c"
"ACA33725","565","Human","HA","H1N1","USA","N","2007/11/06","Influenza A virus (A/Washington/28/2007(H1N1))","","","","c"
"ACA33776","565","Human","HA","H1N1","USA","N","2007/11/07","Influenza A virus (A/Hawaii/39/2007(H1N1))","","","","c"
"ACF40114","565","Human","HA","H1N1","USA","N","2007/11/07","Influenza A virus (A/Hawaii/39/2007(H1N1))","","","","c"
"ACA33786","565","Human","HA","H1N1","USA","N","2007/11/12","Influenza A virus (A/Colorado/21/2007(H1N1))","","","","c"
"ACA33673","565","Human","HA","H1N1","USA","N","2007/11/12","Influenza A virus (A/Colorado/21/2007(H1N1))","","","","c"
"ACA33735","565","Human","HA","H1N1","USA","N","2007/11/13","Influenza A virus (A/Pennsylvania/10/2007(H1N1))","","","","c"
"ACA33783","565","Human","HA","H1N1","USA","N","2007/11/14","Influenza A virus (A/Hawaii/38/2007(H1N1))","","","","c"
"ACB11784","565","Human","HA","H1N1","USA","N","2007/11/14","Influenza A virus (A/Arizona/04/2007(H1N1))","","","","c"
"ACB11812","565","Human","HA","H1N1","USA","N","2007/11/14","Influenza A virus (A/Hawaii/38/2007(H1N1))","","","","c"
"ACD47254","565","Human","HA","H1N1","USA","N","2007/11/14","Influenza A virus (A/Hawaii/43/2007(H1N1))","","","","c"
"ACA33727","565","Human","HA","H1N1","USA","N","2007/11/24","Influenza A virus (A/New Jersey/15/2007(H1N1))","","","","c"
"ADE28761","565","Human","HA","H1N1","USA","N","2007/11/24","Influenza A virus (A/New Jersey/15/2007(H1N1))","","","","c"
"ACA33789","565","Human","HA","H1N1","USA","N","2007/11/26","Influenza A virus (A/Texas/74/2007(H1N1))","","","","c"
"ACA33775","565","Human","HA","H1N1","USA","N","2007/11/28","Influenza A virus (A/Iowa/04/2007(H1N1))","","","","c"
"ACA33781","565","Human","HA","H1N1","USA","N","2007/12/01","Influenza A virus (A/Massachusetts/14/2007(H1N1))","","","","c"
"ACA33780","565","Human","HA","H1N1","USA","N","2007/12/02","Influenza A virus (A/Arizona/07/2007(H1N1))","","","","c"
"ACA33788","565","Human","HA","H1N1","USA","N","2007/12/03","Influenza A virus (A/Alaska/11/2007(H1N1))","","","","c"
"ACA33798","565","Human","HA","H1N1","USA","N","2007/12/03","Influenza A virus (A/California/40/2007(H1N1))","","","","c"
"ACA33799","565","Human","HA","H1N1","USA","N","2007/12/03","Influenza A virus (A/Oregon/07/2007(H1N1))","","","","c"
"ACA33797","565","Human","HA","H1N1","USA","N","2007/12/04","Influenza A virus (A/Florida/12/2007(H1N1))","","","","c"
"ACA33790","565","Human","HA","H1N1","USA","N","2007/12/04","Influenza A virus (A/Alaska/13/2007(H1N1))","","","","c"
"ACD85753","565","Human","HA","H1N1","USA","N","2007/12/04","Influenza A virus (A/Hawaii/46/2007(H1N1))","","","","c"
"ACA33732","565","Human","HA","H1N1","USA","N","2007/12/04","Influenza A virus (A/Texas/70/2007(H1N1))","","","","c"
"ACU80168","565","Human","HA","H1N1","USA","N","2007/12/04","Influenza A virus (A/Boston/12/2007(H1N1))","3Y","","","c"
"ACA33785","565","Human","HA","H1N1","USA","N","2007/12/05","Influenza A virus (A/New York/16/2007(H1N1))","","","","c"
"ACA33795","565","Human","HA","H1N1","USA","N","2007/12/05","Influenza A virus (A/California/39/2007(H1N1))","","","","c"
"ACB11783","565","Human","HA","H1N1","USA","N","2007/12/05","Influenza A virus (A/Wisconsin/35/2007(H1N1))","","","","c"
"ACA33806","565","Human","HA","H1N1","USA","N","2007/12/06","Influenza A virus (A/Colorado/33/2007(H1N1))","","","","c"
"ACA33796","565","Human","HA","H1N1","USA","N","2007/12/06","Influenza A virus (A/Oregon/06/2007(H1N1))","","","","c"
"ACA33777","565","Human","HA","H1N1","USA","N","2007/12/06","Influenza A virus (A/Arizona/03/2007(H1N1))","","","","c"
"ACD47237","565","Human","HA","H1N1","USA","N","2007/12/09","Influenza A virus (A/Colorado/39/2007(H1N1))","","","","c"
"ACA33784","565","Human","HA","H1N1","USA","N","2007/12/10","Influenza A virus (A/Florida/10/2007(H1N1))","","","","c"
"ACA33774","565","Human","HA","H1N1","USA","N","2007/12/10","Influenza A virus (A/Pennsylvania/11/2007(H1N1))","","","","c"
"ACD47242","565","Human","HA","H1N1","USA","N","2007/12/10","Influenza A virus (A/Pennsylvania/11/2007(H1N1))","","","","c"
"ACD47246","565","Human","HA","H1N1","USA","N","2007/12/11","Influenza A virus (A/Hawaii/44/2007(H1N1))","","","","c"
"ACA33779","565","Human","HA","H1N1","USA","N","2007/12/11","Influenza A virus (A/Texas/78/2007(H1N1))","","","","c"
"ACA33791","565","Human","HA","H1N1","USA","N","2007/12/12","Influenza A virus (A/Illinois/10/2007(H1N1))","","","","c"
"ACB11774","565","Human","HA","H1N1","USA","N","2007/12/12","Influenza A virus (A/Illinois/17/2007(H1N1))","","","","c"
"ACH82079","565","Human","HA","H1N1","USA","N","2007/12/12","Influenza A virus (A/Arizona/13/2007(H1N1))","","","","c"
"ACH82080","565","Human","HA","H1N1","USA","N","2007/12/12","Influenza A virus (A/Arizona/14/2007(H1N1))","","","","c"
"ACF40119","565","Human","HA","H1N1","USA","N","2007/12/12","Influenza A virus (A/Pennsylvania/14/2007(H1N1))","","","","c"
"ACF40120","565","Human","HA","H1N1","USA","N","2007/12/12","Influenza A virus (A/Pennsylvania/14/2007(H1N1))","","","","c"
"ACH82081","565","Human","HA","H1N1","USA","N","2007/12/13","Influenza A virus (A/Pennsylvania/13/2007(H1N1))","","","","c"
"ACA33771","565","Human","HA","H1N1","USA","N","2007/12/13","Influenza A virus (A/Illinois/11/2007(H1N1))","","","","c"
"ACA33787","565","Human","HA","H1N1","USA","N","2007/12/14","Influenza A virus (A/Washington/33/2007(H1N1))","","","","c"
"ACA33792","565","Human","HA","H1N1","USA","N","2007/12/16","Influenza A virus (A/New Jersey/16/2007(H1N1))","","","","c"
"ACA33802","565","Human","HA","H1N1","USA","N","2007/12/16","Influenza A virus (A/Florida/15/2007(H1N1))","","","","c"
"ACA33773","565","Human","HA","H1N1","USA","N","2007/12/16","Influenza A virus (A/Illinois/13/2007(H1N1))","","","","c"
"ACD47236","565","Human","HA","H1N1","USA","N","2007/12/16","Influenza A virus (A/Hawaii/45/2007(H1N1))","","","","c"
"ACF40117","565","Human","HA","H1N1","USA","N","2007/12/16","Influenza A virus (A/Florida/13/2007(H1N1))","","","","c"
"ACF40118","565","Human","HA","H1N1","USA","N","2007/12/16","Influenza A virus (A/Florida/15/2007(H1N1))","","","","c"
"ACB11808","565","Human","HA","H1N1","USA","N","2007/12/18","Influenza A virus (A/New Mexico/07/2007(H1N1))","","","","c"
"ACA33772","565","Human","HA","H1N1","USA","N","2007/12/19","Influenza A virus (A/Washington/34/2007(H1N1))","","","","c"
"ACD47243","575","Human","HA","H1N1","USA","N","2007/12/20","Influenza A virus (A/Pennsylvania/16/2007(H1N1))","","","","c"
"ACD47241","565","Human","HA","H1N1","USA","N","2007/12/20","Influenza A virus (A/Pennsylvania/16/2007(H1N1))","","","","c"
"ACF40121","565","Human","HA","H1N1","USA","N","2007/12/21","Influenza A virus (A/Pennsylvania/15/2007(H1N1))","","","","c"
"ACB11759","565","Human","HA","H1N1","USA","N","2007/12/22","Influenza A virus (A/Arizona/15/2007(H1N1))","","","","c"
"ACU43620","565","Human","HA","H1N1","USA","N","2007/12/23","Influenza A virus (A/Illinois/15/2007(H1N1))","","","","c"
"ACB11763","565","Human","HA","H1N1","USA","N","2007/12/26","Influenza A virus (A/Maryland/04/2007(H1N1))","","","","c"
"ACA33805","565","Human","HA","H1N1","USA","N","2007/12/27","Influenza A virus (A/Washington/40/2007(H1N1))","","","","c"
"ACD47251","565","Human","HA","H1N1","USA","N","2007/12/28","Influenza A virus (A/Florida/19/2007(H1N1))","","","","c"
"ACU43619","565","Human","HA","H1N1","USA","N","2007/12/28","Influenza A virus (A/Illinois/16/2007(H1N1))","","","","c"
"ACF40124","565","Human","HA","H1N1","USA","N","2007/12/29","Influenza A virus (A/North Dakota/05/2007(H1N1))","","","","c"
"ACF10333","565","Human","HA","H1N1","USA","N","2007/12/30","Influenza A virus (A/Wisconsin/36/2007(H1N1))","","","","c"
"ACB11775","565","Human","HA","H1N1","USA","N","2007/12/30","Influenza A virus (A/New Jersey/20/2007(H1N1))","","","","c"
"ACF10334","565","Human","HA","H1N1","USA","N","2008/01/01","Influenza A virus (A/Hawaii/01/2008(H1N1))","","","","c"
"AEO01699","565","Human","HA","H1N1","Mexico","N","2008/01/01","Influenza A virus (A/Mexico/UASLP-008/2008(H1N1))","","","","c"
"ACA33804","565","Human","HA","H1N1","USA","N","2008/01/02","Influenza A virus (A/Pennsylvania/01/2008(H1N1))","","","","c"
"ACB11782","565","Human","HA","H1N1","USA","N","2008/01/03","Influenza A virus (A/New Mexico/01/2008(H1N1))","","","","c"
"ACB11786","565","Human","HA","H1N1","USA","N","2008/01/04","Influenza A virus (A/New Jersey/03/2008(H1N1))","","","","c"
"ACD47252","565","Human","HA","H1N1","USA","N","2008/01/04","Influenza A virus (A/Maryland/01/2008(H1N1))","","","","c"
"ACD47249","565","Human","HA","H1N1","USA","N","2008/01/04","Influenza A virus (A/Florida/02/2008(H1N1))","","","","c"
"ACD85751","565","Human","HA","H1N1","USA","N","2008/01/07","Influenza A virus (A/Florida/08/2008(H1N1))","","","","c"
"ACB11793","565","Human","HA","H1N1","USA","N","2008/01/07","Influenza A virus (A/Massachusetts/01/2008(H1N1))","","","","c"
"ACD47235","565","Human","HA","H1N1","USA","N","2008/01/07","Influenza A virus (A/Colorado/01/2008(H1N1))","","","","c"
"ACB11777","565","Human","HA","H1N1","USA","N","2008/01/07","Influenza A virus (A/Pennsylvania/05/2008(H1N1))","","","","c"
"ACR15447","565","Human","HA","H1N1","Nicaragua","T","2008/01/07","Influenza A virus (A/Managua/3307.01/2008(H1N1))","5","","","c"
"ACU31258","565","Human","HA","H1N1","USA","N","2008/01/08","Influenza A virus (A/New Jersey/01/2008(H1N1))","","","","c"
"ACJ73769","565","Human","HA","H1N1","USA","N","2008/01/09","Influenza A virus (A/North Carolina/06/2008(H1N1))","","","","c"
"ACJ73776","565","Human","HA","H1N1","USA","N","2008/01/09","Influenza A virus (A/North Carolina/06/2008(H1N1))","","","","c"
"ACD85754","565","Human","HA","H1N1","USA","N","2008/01/09","Influenza A virus (A/South Dakota/02/2008(H1N1))","","","","c"
"ACD47253","565","Human","HA","H1N1","USA","N","2008/01/10","Influenza A virus (A/Washington/01/2008(H1N1))","","","","c"
"ACN32501","565","Human","HA","H1N1","USA","N","2008/01/10","Influenza A virus (A/Washington/AF06/2007(H1N1))","20Y","","","c"
"ACF40122","565","Human","HA","H1N1","USA","N","2008/01/11","Influenza A virus (A/Florida/06/2008(H1N1))","","","","c"
"ACB11779","565","Human","HA","H1N1","USA","N","2008/01/11","Influenza A virus (A/New Jersey/02/2008(H1N1))","","","","c"
"ACD85752","565","Human","HA","H1N1","USA","N","2008/01/13","Influenza A virus (A/Louisiana/03/2008(H1N1))","","","","c"
"ACD85757","565","Human","HA","H1N1","USA","N","2008/01/15","Influenza A virus (A/Memphis/03/2008(H1N1))","","","","c"
"ACF10340","565","Human","HA","H1N1","USA","N","2008/01/15","Influenza A virus (A/Minnesota/01/2008(H1N1))","","","","c"
"ACD85772","565","Human","HA","H1N1","USA","N","2008/01/15","Influenza A virus (A/California/05/2008(H1N1))","","","","c"
"ACB11769","565","Human","HA","H1N1","USA","N","2008/01/15","Influenza A virus (A/Pennsylvania/02/2008(H1N1))","","","","c"
"ACD47238","565","Human","HA","H1N1","USA","N","2008/01/16","Influenza A virus (A/Alaska/02/2008(H1N1))","","","","c"
"ACB11800","565","Human","HA","H1N1","USA","N","2008/01/17","Influenza A virus (A/New Jersey/04/2008(H1N1))","","","","c"
"ACF10336","565","Human","HA","H1N1","USA","N","2008/01/17","Influenza A virus (A/Hawaii/02/2008(H1N1))","","","","c"
"ACD85758","565","Human","HA","H1N1","USA","N","2008/01/17","Influenza A virus (A/Memphis/07/2008(H1N1))","","","","c"
"ACD47240","565","Human","HA","H1N1","USA","N","2008/01/18","Influenza A virus (A/Alaska/03/2008(H1N1))","","","","c"
"ACD85774","565","Human","HA","H1N1","USA","N","2008/01/21","Influenza A virus (A/Nebraska/01/2008(H1N1))","","","","c"
"ACD47239","565","Human","HA","H1N1","USA","N","2008/01/21","Influenza A virus (A/New Jersey/08/2008(H1N1))","","","","c"
"ACB11806","565","Human","HA","H1N1","USA","N","2008/01/22","Influenza A virus (A/New Jersey/05/2008(H1N1))","","","","c"
"ACF40126","565","Human","HA","H1N1","USA","N","2008/01/22","Influenza A virus (A/Idaho/01/2008(H1N1))","","","","c"
"ACD47247","565","Human","HA","H1N1","USA","N","2008/01/22","Influenza A virus (A/Idaho/02/2008(H1N1))","","","","c"
"ACU31264","565","Human","HA","H1N1","USA","N","2008/01/23","Influenza A virus (A/Georgia/08/2008(H1N1))","","","","c"
"ACD85762","565","Human","HA","H1N1","USA","N","2008/01/24","Influenza A virus (A/Mississippi/06/2008(H1N1))","","","","c"
"ACF10338","565","Human","HA","H1N1","USA","N","2008/01/24","Influenza A virus (A/Mississippi/06/2008(H1N1))","","","","c"
"ACJ73753","565","Human","HA","H1N1","USA","N","2008/01/25","Influenza A virus (A/Texas/08/2008(H1N1))","","","","c"
"ACD85761","565","Human","HA","H1N1","USA","N","2008/01/25","Influenza A virus (A/Hawaii/06/2008(H1N1))","","","","c"
"ACD47256","565","Human","HA","H1N1","USA","N","2008/01/25","Influenza A virus (A/New Jersey/09/2008(H1N1))","","","","c"
"ACD47244","565","Human","HA","H1N1","USA","N","2008/01/28","Influenza A virus (A/New York/01/2008(H1N1))","","","","c"
"ACF40125","565","Human","HA","H1N1","USA","N","2008/01/28","Influenza A virus (A/Wisconsin/01/2008(H1N1))","","","","c"
"AEO01674","565","Human","HA","H1N1","Mexico","N","2008/01/28","Influenza A virus (A/Mexico/UASLP-006/2008(H1N1))","","","","c"
"ACJ73770","565","Human","HA","H1N1","USA","N","2008/01/29","Influenza A virus (A/Texas/09/2008(H1N1))","","","","c"
"ACD85760","565","Human","HA","H1N1","USA","N","2008/01/29","Influenza A virus (A/Hawaii/05/2008(H1N1))","","","","c"
"ACB11768","565","Human","HA","H1N1","USA","N","2008/01/29","Influenza A virus (A/Indiana/01/2008(H1N1))","","","","c"
"AEO01663","565","Human","HA","H1N1","Mexico","N","2008/01/29","Influenza A virus (A/Mexico/UASLP-005/2008(H1N1))","","","","c"
"ACD85755","565","Human","HA","H1N1","USA","N","2008/01/30","Influenza A virus (A/New York/03/2008(H1N1))","","","","c"
"ACP20232","565","Human","HA","H1N1","USA","N","2008/02/01","Influenza A virus (A/District of Columbia/WRAMC-1154048/2008(H1N1))","49","","","c"
"ACP20221","565","Human","HA","H1N1","USA","N","2008/02/01","Influenza A virus (A/District of Columbia/WRAMC-1154047/2008(H1N1))","10","","","c"
"ACU43756","565","Human","HA","H1N1","USA","N","2008/02/02","Influenza A virus (A/New Jersey/06/2008(H1N1))","","","","c"
"ACB11772","565","Human","HA","H1N1","USA","N","2008/02/02","Influenza A virus (A/New Jersey/06/2008(H1N1))","","","","c"
"ACU80025","565","Human","HA","H1N1","USA","N","2008/02/03","Influenza A virus (A/Boston/26/2008(H1N1))","9Y","","","c"
"ACU80234","565","Human","HA","H1N1","USA","N","2008/02/04","Influenza A virus (A/Boston/27/2008(H1N1))","7M","","","c"
"ACD85764","565","Human","HA","H1N1","USA","N","2008/02/05","Influenza A virus (A/Oklahoma/02/2008(H1N1))","","","","c"
"ACF10342","565","Human","HA","H1N1","USA","N","2008/02/05","Influenza A virus (A/New York/05/2008(H1N1))","","","","c"
"ACD85767","565","Human","HA","H1N1","USA","N","2008/02/05","Influenza A virus (A/North Carolina/02/2008(H1N1))","","","","c"
"AEN02487","565","Human","HA","H1N1","USA","N","2008/02/05","Influenza A virus (A/New York/08-1253/2008(H1N1))","","","","c"
"ACD85768","565","Human","HA","H1N1","USA","N","2008/02/06","Influenza A virus (A/North Carolina/04/2008(H1N1))","","","","c"
"ACD85771","565","Human","HA","H1N1","USA","N","2008/02/06","Influenza A virus (A/Georgia/06/2008(H1N1))","","","","c"
"ACD85773","565","Human","HA","H1N1","USA","N","2008/02/06","Influenza A virus (A/California/06/2008(H1N1))","","","","c"
"ACD85756","565","Human","HA","H1N1","USA","N","2008/02/06","Influenza A virus (A/Florida/09/2008(H1N1))","","","","c"
"ACD85759","565","Human","HA","H1N1","USA","N","2008/02/06","Influenza A virus (A/New Jersey/10/2008(H1N1))","","","","c"
"ACD85770","565","Human","HA","H1N1","USA","N","2008/02/09","Influenza A virus (A/Georgia/05/2008(H1N1))","","","","c"
"ACU80267","565","Human","HA","H1N1","USA","N","2008/02/09","Influenza A virus (A/Boston/34/2008(H1N1))","8M","","","c"
"ACU80278","565","Human","HA","H1N1","USA","N","2008/02/12","Influenza A virus (A/Boston/35/2008(H1N1))","5Y","","","c"
"AEN02498","565","Human","HA","H1N1","USA","N","2008/02/13","Influenza A virus (A/New York/08-1326/2008(H1N1))","","","","c"
"ACD85769","565","Human","HA","H1N1","USA","N","2008/02/14","Influenza A virus (A/North Carolina/05/2008(H1N1))","","","","c"
"ACD85763","565","Human","HA","H1N1","USA","N","2008/02/14","Influenza A virus (A/Wyoming/10/2008(H1N1))","","","","c"
"ACN33123","565","Human","HA","H1N1","USA","N","2008/02/14","Influenza A virus (A/Florida/UR07-0022/2008(H1N1))","7","","","c"
"ACU79981","565","Human","HA","H1N1","USA","N","2008/02/14","Influenza A virus (A/New Jersey/AF09/2008(H1N1))","49Y","","","c"
"ACR58541","565","Human","HA","H1N1","Nicaragua","T","2008/02/15","Influenza A virus (A/Managua/2512.01/2008(H1N1))","7Y","","","c"
"ACO94705","565","Human","HA","H1N1","USA","N","2008/02/15","Influenza A virus (A/Florida/UR07-0026/2008(H1N1))","16","","","c"
"ACJ73765","565","Human","HA","H1N1","USA","N","2008/02/18","Influenza A virus (A/Washington/06/2008(H1N1))","","","","c"
"ACD85766","565","Human","HA","H1N1","USA","N","2008/02/18","Influenza A virus (A/Indiana/04/2008(H1N1))","","","","c"
"ACF10345","565","Human","HA","H1N1","USA","N","2008/02/18","Influenza A virus (A/Vermont/01/2008(H1N1))","","","","c"
"ACF40127","565","Human","HA","H1N1","USA","N","2008/02/18","Influenza A virus (A/New Jersey/13/2008(H1N1))","","","","c"
"ACD85765","565","Human","HA","H1N1","USA","N","2008/02/20","Influenza A virus (A/Oklahoma/03/2008(H1N1))","","","","c"
"ACN33145","565","Human","HA","H1N1","USA","N","2008/02/20","Influenza A virus (A/Kentucky/UR07-0061/2008(H1N1))","4","","","c"
"ACU80410","565","Human","HA","H1N1","USA","N","2008/02/20","Influenza A virus (A/Boston/49/2008(H1N1))","6M","","","c"
"ACU80446","565","Human","HA","H1N1","USA","N","2008/02/23","Influenza A virus (A/Boston/52/2008(H1N1))","7Y","","","c"
"ACU43760","565","Human","HA","H1N1","USA","N","2008/02/26","Influenza A virus (A/New Jersey/16/2008(H1N1))","","","","c"
"ACJ73754","565","Human","HA","H1N1","USA","N","2008/02/28","Influenza A virus (A/Idaho/09/2008(H1N1))","","","","c"
"ACU43778","565","Human","HA","H1N1","USA","N","2008/02/29","Influenza A virus (A/Montana/01/2008(H1N1))","","","","c"
"ACJ73766","565","Human","HA","H1N1","USA","N","2008/03/06","Influenza A virus (A/Texas/10/2008(H1N1))","","","","c"
"ACD85775","565","Human","HA","H1N1","USA","N","2008/03/11","Influenza A virus (A/Illinois/06/2008(H1N1))","","","","c"
"ACU43774","565","Human","HA","H1N1","USA","N","2008/03/14","Influenza A virus (A/Tennessee/03/2008(H1N1))","","","","c"
"ACF40129","565","Human","HA","H1N1","USA","N","2008/03/28","Influenza A virus (A/South Carolina/01/2008(H1N1))","","","","c"
"ACR15370","565","Human","HA","H1N1","Nicaragua","T","2008/06/08","Influenza A virus (A/Managua/1038.01/2008(H1N1))","6","","","c"
"ACR58552","565","Human","HA","H1N1","Nicaragua","T","2008/06/08","Influenza A virus (A/Managua/1225.02/2008(H1N1))","6","","","c"
"ACO95382","565","Human","HA","H1N1","Nicaragua","T","2008/06/08","Influenza A virus (A/Managua/521.01/2008(H1N1))","8","","","c"
"ACR15359","565","Human","HA","H1N1","Nicaragua","T","2008/06/09","Influenza A virus (A/Managua/4341.01/2008(H1N1))","4","","","c"
"ACO36397","565","Human","HA","H1N1","Nicaragua","T","2008/06/09","Influenza A virus (A/Managua/4032.01/2008(H1N1))","4Y","","","c"
"ACR15337","565","Human","HA","H1N1","Nicaragua","T","2008/06/09","Influenza A virus (A/Managua/3180.01/2008(H1N1))","7Y","","","c"
"ACO95371","565","Human","HA","H1N1","Nicaragua","T","2008/06/09","Influenza A virus (A/Managua/3029.01/2008(H1N1))","7Y","","","c"
"ACR15425","565","Human","HA","H1N1","Nicaragua","T","2008/06/10","Influenza A virus (A/Managua/2055.01/2008(H1N1))","11","","","c"
"ACP44203","565","Human","HA","H1N1","Nicaragua","T","2008/06/11","Influenza A virus (A/Managua/156.01/2008(H1N1))","10","","","c"
"ACU80069","565","Human","HA","H1N1","Nicaragua","T","2008/06/11","Influenza A virus (A/Managua/4070.01/2008(H1N1))","5","","","c"
"ACU80091","565","Human","HA","H1N1","Nicaragua","T","2008/06/20","Influenza A virus (A/Managua/4017.02/2008(H1N1))","5","","","c"
"ACP44214","565","Human","HA","H1N1","Nicaragua","T","2008/06/24","Influenza A virus (A/Managua/3027.01/2008(H1N1))","12","","","c"
"ACP44225","565","Human","HA","H1N1","Nicaragua","T","2008/06/25","Influenza A virus (A/Managua/4086.02/2008(H1N1))","5","","","c"
"ACO94859","565","Human","HA","H1N1","Nicaragua","T","2008/06/26","Influenza A virus (A/Managua/107.01/2008(H1N1))","10","","","c"
"ACR15513","565","Human","HA","H1N1","Nicaragua","T","2008/06/27","Influenza A virus (A/Managua/3570.01/2008(H1N1))","10","","","c"
"ACU12571","565","Human","HA","H1N1","Nicaragua","T","2008/07/01","Influenza A virus (A/Managua/954.02/2008(H1N1))","10","","","c"
"ACU80047","565","Human","HA","H1N1","Nicaragua","T","2008/07/01","Influenza A virus (A/Managua/4359.01/2008(H1N1))","4","","","c"
"ACM51290","565","Human","HA","H1N1","USA","N","2008/07/09","Influenza A virus (A/Minnesota/24/2008(H1N1))","","","","c"
"ACJ73755","565","Human","HA","H1N1","USA","N","2008/07/23","Influenza A virus (A/Washington/05/2008(H1N1))","","","","c"
"ACP44192","565","Human","HA","H1N1","Nicaragua","T","2008/07/25","Influenza A virus (A/Managua/5214.01/2008(H1N1))","2","","","c"
"ACR15458","565","Human","HA","H1N1","Nicaragua","T","2008/08/07","Influenza A virus (A/Managua/3153.01/2008(H1N1))","7","","","c"
"ACU12593","565","Human","HA","H1N1","Nicaragua","T","2008/08/07","Influenza A virus (A/Managua/5007.01/2008(H1N1))","7","","","c"
"ACR15469","565","Human","HA","H1N1","Nicaragua","T","2008/08/16","Influenza A virus (A/Managua/3759.02/2008(H1N1))","8","","","c"
"ACJ73771","565","Human","HA","H1N1","USA","N","2008/08/20","Influenza A virus (A/Texas/11/2008(H1N1))","","","","c"
"ACJ73777","565","Human","HA","H1N1","USA","N","2008/08/27","Influenza A virus (A/Florida/17/2008(H1N1))","","","","c"
"ACK76337","565","Human","HA","H1N1","USA","N","2008/08/27","Influenza A virus (A/Florida/17/2008(H1N1))","","","","c"
"ACK76371","565","Human","HA","H1N1","USA","N","2008/08/27","Influenza A virus (A/Missouri/06/2008(H1N1))","","","","c"
"ACO95393","565","Human","HA","H1N1","Nicaragua","T","2008/08/27","Influenza A virus (A/Managua/1409.01/2008(H1N1))","6","","","c"
"ACU80080","565","Human","HA","H1N1","Nicaragua","T","2008/08/28","Influenza A virus (A/Managua/496.01/2008(H1N1))","7","","","c"
"ACJ73758","565","Human","HA","H1N1","USA","N","2008/09/04","Influenza A virus (A/California/07/2008(H1N1))","","","","c"
"ACR15491","565","Human","HA","H1N1","Nicaragua","T","2008/10/06","Influenza A virus (A/Managua/4924.01/2008(H1N1))","3","","","c"
"ACR15436","565","Human","HA","H1N1","Nicaragua","T","2008/10/11","Influenza A virus (A/Managua/2860.01/2008(H1N1))","10","","","c"
"ACU12505","565","Human","HA","H1N1","Nicaragua","T","2008/10/11","Influenza A virus (A/Managua/3418.01/2008(H1N1))","8","","","c"
"ACK76358","565","Human","HA","H1N1","USA","N","2008/10/13","Influenza A virus (A/Pennsylvania/08/2008(H1N1))","","","","c"
"ACK76360","565","Human","HA","H1N1","USA","N","2008/10/13","Influenza A virus (A/Pennsylvania/08/2008(H1N1))","","","","c"
"ACM51308","565","Human","HA","H1N1","USA","N","2008/10/13","Influenza A virus (A/Pennsylvania/08/2008(H1N1))","","","","c"
"ACM51321","565","Human","HA","H1N1","USA","N","2008/10/13","Influenza A virus (A/Pennsylvania/08/2008(H1N1))","","","","c"
"ACK76369","565","Human","HA","H1N1","USA","N","2008/10/15","Influenza A virus (A/Hawaii/19/2008(H1N1))","","","","c"
"ACM51267","565","Human","HA","H1N1","USA","N","2008/10/18","Influenza A virus (A/Hawaii/20/2008(H1N1))","","","","c"
"ACM51268","565","Human","HA","H1N1","USA","N","2008/10/18","Influenza A virus (A/Hawaii/20/2008(H1N1))","","","","c"
"ACU43779","565","Human","HA","H1N1","USA","N","2008/10/18","Influenza A virus (A/Hawaii/20/2008(H1N1))","","","","c"
"ACU31259","565","Human","HA","H1N1","USA","N","2008/10/20","Influenza A virus (A/Hawaii/42/2008(H1N1))","","","","c"
"ACV49676","565","Human","HA","H1N1","Nicaragua","T","2008/10/20","Influenza A virus (A/Managua/1985.01/2008(H1N1))","8","","","c"
"ACU31262","565","Human","HA","H1N1","USA","N","2008/10/21","Influenza A virus (A/Hawaii/41/2008(H1N1))","","","","c"
"ACM51329","565","Human","HA","H1N1","USA","N","2008/10/22","Influenza A virus (A/South Carolina/06/2008(H1N1))","","","","c"
"ACM51310","565","Human","HA","H1N1","USA","N","2008/10/22","Influenza A virus (A/South Carolina/06/2008(H1N1))","","","","c"
"ACM51286","565","Human","HA","H1N1","USA","N","2008/10/25","Influenza A virus (A/Florida/18/2008(H1N1))","","","","c"
"ACM51332","565","Human","HA","H1N1","USA","N","2008/10/25","Influenza A virus (A/Hawaii/21/2008(H1N1))","","","","c"
"ACK76356","565","Human","HA","H1N1","USA","N","2008/10/25","Influenza A virus (A/Hawaii/21/2008(H1N1))","","","","c"
"ACQ65758","565","Human","HA","H1N1","Nicaragua","T","2008/10/25","Influenza A virus (A/Managua/4315.04/2008(H1N1))","4","","","c"
"ACK76373","565","Human","HA","H1N1","USA","N","2008/10/26","Influenza A virus (A/Texas/16/2008(H1N1))","","","","c"
"ACK76362","565","Human","HA","H1N1","USA","N","2008/10/26","Influenza A virus (A/Texas/15/2008(H1N1))","","","","c"
"ACM51272","565","Human","HA","H1N1","USA","N","2008/10/27","Influenza A virus (A/Maryland/04/2008(H1N1))","","","","c"
"ACM51323","565","Human","HA","H1N1","USA","N","2008/10/30","Influenza A virus (A/Delaware/01/2008(H1N1))","","","","c"
"ACR15480","565","Human","HA","H1N1","Nicaragua","T","2008/10/30","Influenza A virus (A/Managua/309.01/2008(H1N1))","7","","","c"
"ACU43746","565","Human","HA","H1N1","USA","N","2008/10/31","Influenza A virus (A/Florida/19/2008(H1N1))","","","","c"
"ACM51264","565","Human","HA","H1N1","USA","N","2008/10/31","Influenza A virus (A/Florida/19/2008(H1N1))","","","","c"
"ACO95404","565","Human","HA","H1N1","Nicaragua","T","2008/11/01","Influenza A virus (A/Managua/254.01/2008(H1N1))","6","","","c"
"ACK76351","565","Human","HA","H1N1","USA","N","2008/11/02","Influenza A virus (A/Pennsylvania/09/2008(H1N1))","","","","c"
"ACK76352","565","Human","HA","H1N1","USA","N","2008/11/02","Influenza A virus (A/Pennsylvania/09/2008(H1N1))","","","","c"
"ACM51282","565","Human","HA","H1N1","USA","N","2008/11/02","Influenza A virus (A/Washington/08/2008(H1N1))","","","","c"
"ACM51296","565","Human","HA","H1N1","USA","N","2008/11/03","Influenza A virus (A/Michigan/05/2008(H1N1))","","","","c"
"ACM51312","565","Human","HA","H1N1","USA","N","2008/11/03","Influenza A virus (A/Florida/21/2008(H1N1))","","","","c"
"ACK76380","565","Human","HA","H1N1","USA","N","2008/11/03","Influenza A virus (A/Wisconsin/12/2008(H1N1))","","","","c"
"ACO94870","565","Human","HA","H1N1","Nicaragua","T","2008/11/03","Influenza A virus (A/Managua/4537.03/2008(H1N1))","4","","","c"
"ACK76347","565","Human","HA","H1N1","USA","N","2008/11/04","Influenza A virus (A/Texas/17/2008(H1N1))","","","","c"
"ACO95415","565","Human","HA","H1N1","Nicaragua","T","2008/11/04","Influenza A virus (A/Managua/5380.01/2008(H1N1))","9","","","c"
"ACK76354","565","Human","HA","H1N1","USA","N","2008/11/06","Influenza A virus (A/Texas/18/2008(H1N1))","","","","c"
"ACR15502","565","Human","HA","H1N1","Nicaragua","T","2008/11/06","Influenza A virus (A/Managua/4412.01/2008(H1N1))","5","","","c"
"ACM51263","565","Human","HA","H1N1","USA","N","2008/11/08","Influenza A virus (A/Washington/10/2008(H1N1))","","","","c"
"ACM51250","565","Human","HA","H1N1","USA","N","2008/11/10","Influenza A virus (A/Hawaii/46/2008(H1N1))","","","","c"
"ACU12560","565","Human","HA","H1N1","Nicaragua","T","2008/11/11","Influenza A virus (A/Managua/5751.01/2008(H1N1))","9","","","c"
"ACM51248","565","Human","HA","H1N1","USA","N","2008/11/16","Influenza A virus (A/Arizona/13/2008(H1N1))","","","","c"
"ACM51284","565","Human","HA","H1N1","USA","N","2008/11/16","Influenza A virus (A/Arizona/13/2008(H1N1))","","","","c"
"ACM51330","565","Human","HA","H1N1","USA","N","2008/11/16","Influenza A virus (A/Wisconsin/16/2008(H1N1))","","","","c"
"ACM51316","565","Human","HA","H1N1","USA","N","2008/11/17","Influenza A virus (A/Massachusetts/08/2008(H1N1))","","","","c"
"ACM51276","565","Human","HA","H1N1","USA","N","2008/11/17","Influenza A virus (A/Massachusetts/08/2008(H1N1))","","","","c"
"ACU12582","565","Human","HA","H1N1","Nicaragua","T","2008/11/18","Influenza A virus (A/Managua/4444.01/2008(H1N1))","5","","","c"
"ACU43755","565","Human","HA","H1N1","USA","N","2008/11/20","Influenza A virus (A/Texas/23/2008(H1N1))","","","","c"
"ACM51258","565","Human","HA","H1N1","USA","N","2008/11/20","Influenza A virus (A/Texas/23/2008(H1N1))","","","","c"
"ACM51324","565","Human","HA","H1N1","USA","N","2008/11/20","Influenza A virus (A/Illinois/15/2008(H1N1))","","","","c"
"ACM51303","565","Human","HA","H1N1","USA","N","2008/11/23","Influenza A virus (A/Massachusetts/09/2008(H1N1))","","","","c"
"ACM51279","565","Human","HA","H1N1","USA","N","2008/11/23","Influenza A virus (A/Texas/27/2008(H1N1))","","","","c"
"ACM51302","565","Human","HA","H1N1","USA","N","2008/11/26","Influenza A virus (A/Illinois/17/2008(H1N1))","","","","c"
"ACM51294","565","Human","HA","H1N1","USA","N","2008/11/27","Influenza A virus (A/Illinois/16/2008(H1N1))","","","","c"
"ACU43764","565","Human","HA","H1N1","USA","N","2008/11/28","Influenza A virus (A/California/11/2008(H1N1))","","","","c"
"ACM51318","565","Human","HA","H1N1","USA","N","2008/11/29","Influenza A virus (A/Michigan/06/2008(H1N1))","","","","c"
"ACM51314","565","Human","HA","H1N1","USA","N","2008/12/01","Influenza A virus (A/Hawaii/38/2008(H1N1))","","","","c"
"ACU43753","565","Human","HA","H1N1","USA","N","2008/12/01","Influenza A virus (A/Hawaii/38/2008(H1N1))","","","","c"
"ACM51287","565","Human","HA","H1N1","USA","N","2008/12/02","Influenza A virus (A/Texas/29/2008(H1N1))","","","","c"
"ACM51278","565","Human","HA","H1N1","USA","N","2008/12/04","Influenza A virus (A/Tennessee/11/2008(H1N1))","","","","c"
"ACM51257","565","Human","HA","H1N1","USA","N","2008/12/04","Influenza A virus (A/Nebraska/07/2008(H1N1))","","","","c"
"AEA92634","566","Human","HA","H1N1","USA","N","2008/12/04","Influenza A virus (A/South Dakota/03/2008(H1N1))","","","","c"
"ACM51253","565","Human","HA","H1N1","USA","N","2008/12/05","Influenza A virus (A/Wisconsin/17/2008(H1N1))","","","","c"
"ACU43758","565","Human","HA","H1N1","USA","N","2008/12/06","Influenza A virus (A/Colorado/08/2008(H1N1))","","","","c"
"ACM51305","565","Human","HA","H1N1","USA","N","2008/12/09","Influenza A virus (A/Minnesota/27/2008(H1N1))","","","","c"
"ACU43767","565","Human","HA","H1N1","USA","N","2008/12/09","Influenza A virus (A/New Jersey/30/2008(H1N1))","","","","c"
"ACU43772","565","Human","HA","H1N1","USA","N","2008/12/09","Influenza A virus (A/Colorado/17/2008(H1N1))","","","","c"
"ACM51300","565","Human","HA","H1N1","USA","N","2008/12/10","Influenza A virus (A/Alaska/05/2008(H1N1))","","","","c"
"ACM51261","565","Human","HA","H1N1","USA","N","2008/12/10","Influenza A virus (A/Virginia/03/2008(H1N1))","","","","c"
"ACM51274","565","Human","HA","H1N1","USA","N","2008/12/10","Influenza A virus (A/Maryland/05/2008(H1N1))","","","","c"
"AEO01709","565","Human","HA","H1N1","Mexico","N","2008/12/10","Influenza A virus (A/Mexico/UASLP-009/2008(H1N1))","","","","c"
"ACU43754","565","Human","HA","H1N1","USA","N","2008/12/11","Influenza A virus (A/New Jersey/31/2008(H1N1))","","","","c"
"ACM51298","565","Human","HA","H1N1","USA","N","2008/12/12","Influenza A virus (A/North Dakota/01/2008(H1N1))","","","","c"
"ACU43775","565","Human","HA","H1N1","USA","N","2008/12/13","Influenza A virus (A/New Jersey/20/2008(H1N1))","","","","c"
"ACU43768","565","Human","HA","H1N1","USA","N","2008/12/14","Influenza A virus (A/New Jersey/32/2008(H1N1))","","","","c"
"ACU43750","565","Human","HA","H1N1","USA","N","2008/12/14","Influenza A virus (A/New Jersey/32/2008(H1N1))","","","","c"
"ACU31260","565","Human","HA","H1N1","USA","N","2008/12/15","Influenza A virus (A/North Carolina/07/2008(H1N1))","","","","c"
"ACU43769","565","Human","HA","H1N1","USA","N","2008/12/16","Influenza A virus (A/Florida/28/2008(H1N1))","","","","c"
"ACU43766","565","Human","HA","H1N1","USA","N","2008/12/17","Influenza A virus (A/Hawaii/58/2008(H1N1))","","","","c"
"ACU43776","565","Human","HA","H1N1","USA","N","2008/12/19","Influenza A virus (A/Pennsylvania/14/2008(H1N1))","","","","c"
"ACU43747","565","Human","HA","H1N1","USA","N","2008/12/19","Influenza A virus (A/Pennsylvania/14/2008(H1N1))","","","","c"
"ACU43761","565","Human","HA","H1N1","USA","N","2008/12/19","Influenza A virus (A/Virginia/07/2008(H1N1))","","","","c"
"ACU31263","565","Human","HA","H1N1","USA","N","2008/12/20","Influenza A virus (A/Hawaii/55/2008(H1N1))","","","","c"
"ACM51327","565","Human","HA","H1N1","USA","N","2008/12/22","Influenza A virus (A/New Jersey/23/2008(H1N1))","","","","c"
"ACU43765","565","Human","HA","H1N1","USA","N","2008/12/22","Influenza A virus (A/Texas/35/2008(H1N1))","","","","c"
"ACU43749","565","Human","HA","H1N1","USA","N","2008/12/23","Influenza A virus (A/Michigan/10/2008(H1N1))","","","","c"
"ACM51270","565","Human","HA","H1N1","USA","N","2008/12/24","Influenza A virus (A/Idaho/23/2008(H1N1))","","","","c"
"ACU43757","565","Human","HA","H1N1","USA","N","2008/12/25","Influenza A virus (A/Wisconsin/20/2008(H1N1))","","","","c"
"ACU43777","565","Human","HA","H1N1","USA","N","2008/12/25","Influenza A virus (A/Massachusetts/12/2008(H1N1))","","","","c"
"ACU43771","565","Human","HA","H1N1","USA","N","2008/12/26","Influenza A virus (A/Minnesota/33/2008(H1N1))","","","","c"
"ACU43773","565","Human","HA","H1N1","USA","N","2008/12/27","Influenza A virus (A/Texas/36/2008(H1N1))","","","","c"
"ACU43762","565","Human","HA","H1N1","USA","N","2008/12/27","Influenza A virus (A/Pennsylvania/12/2008(H1N1))","","","","c"
"ACU31261","565","Human","HA","H1N1","USA","N","2008/12/27","Influenza A virus (A/Vermont/03/2008(H1N1))","","","","c"
"ACU43751","565","Human","HA","H1N1","USA","N","2008/12/28","Influenza A virus (A/Minnesota/34/2008(H1N1))","","","","c"
"ACU43770","565","Human","HA","H1N1","USA","N","2008/12/28","Influenza A virus (A/Texas/32/2008(H1N1))","","","","c"
"ACU43763","565","Human","HA","H1N1","USA","N","2008/12/29","Influenza A virus (A/Maryland/07/2008(H1N1))","","","","c"
"ACU43752","565","Human","HA","H1N1","USA","N","2008/12/30","Influenza A virus (A/Pennsylvania/15/2008(H1N1))","","","","c"
"ACU43748","565","Human","HA","H1N1","USA","N","2008/12/30","Influenza A virus (A/Pennsylvania/15/2008(H1N1))","","","","c"
